Workbook
Name ACTION: #REF!
Name Z_2C0D9096_8D85_462A_A9B5_0B488ADB4269_.wvu.Cols: 'FE-01'!$E:$E
Name Z_2C0D9096_8D85_462A_A9B5_0B488ADB4269_.wvu.Cols: 'FE-03'!$E:$E
Name Z_2C0D9096_8D85_462A_A9B5_0B488ADB4269_.wvu.Cols: 'FE-05'!$E:$E
Name Z_2C0D9096_8D85_462A_A9B5_0B488ADB4269_.wvu.Cols: 'FE-06'!$E:$E
Name Z_2C0D9096_8D85_462A_A9B5_0B488ADB4269_.wvu.Cols: 'FE-07'!$E:$E
Name Z_2C0D9096_8D85_462A_A9B5_0B488ADB4269_.wvu.Cols: 'FE-08'!$E:$E
Name Z_2C0D9096_8D85_462A_A9B5_0B488ADB4269_.wvu.Cols: 'FE-09'!$E:$E
Name Z_2C0D9096_8D85_462A_A9B5_0B488ADB4269_.wvu.Cols: 'FE-10'!$E:$E
Name Z_2C0D9096_8D85_462A_A9B5_0B488ADB4269_.wvu.Cols: 'FE-11'!$E:$E
Name Z_2C0D9096_8D85_462A_A9B5_0B488ADB4269_.wvu.Cols: 'FE-12'!$E:$E
Name Z_2C0D9096_8D85_462A_A9B5_0B488ADB4269_.wvu.Cols: 'FE-26'!$E:$E
Name Z_2C0D9096_8D85_462A_A9B5_0B488ADB4269_.wvu.Cols: 'FE-36'!$E:$E
Name Z_2C0D9096_8D85_462A_A9B5_0B488ADB4269_.wvu.Cols: 'FE-43'!$E:$E
Name Z_2C0D9096_8D85_462A_A9B5_0B488ADB4269_.wvu.Cols: 'FE-45'!$E:$E
Name Z_2C0D9096_8D85_462A_A9B5_0B488ADB4269_.wvu.Cols: 'FE-46'!$E:$E
Name Z_2C0D9096_8D85_462A_A9B5_0B488ADB4269_.wvu.Cols: 'FE-47'!$E:$E
Name Z_2C0D9096_8D85_462A_A9B5_0B488ADB4269_.wvu.Cols: 'FE-50'!$E:$E
Name Z_2C0D9096_8D85_462A_A9B5_0B488ADB4269_.wvu.Cols: 'FE-51'!$E:$E
Name Z_2C0D9096_8D85_462A_A9B5_0B488ADB4269_.wvu.Cols: 'FE-52'!$E:$E
Name Z_2C0D9096_8D85_462A_A9B5_0B488ADB4269_.wvu.Cols: 'FE-53'!$E:$E
Name Z_2C0D9096_8D85_462A_A9B5_0B488ADB4269_.wvu.Cols: 'FE-54'!$E:$E
Name Z_2C0D9096_8D85_462A_A9B5_0B488ADB4269_.wvu.Cols: 'FE-55'!$E:$E
Name Z_2C0D9096_8D85_462A_A9B5_0B488ADB4269_.wvu.Cols: 'FE-56'!$E:$E
Name Z_2C0D9096_8D85_462A_A9B5_0B488ADB4269_.wvu.Cols: 'FE-57'!$E:$E
Name Z_2C0D9096_8D85_462A_A9B5_0B488ADB4269_.wvu.Cols: 'FE-58'!$E:$E
Name Z_2C0D9096_8D85_462A_A9B5_0B488ADB4269_.wvu.Cols: 'FE-59'!$E:$E
Name Z_2C0D9096_8D85_462A_A9B5_0B488ADB4269_.wvu.Cols: 'FE-60'!$E:$E
Name Z_2C0D9096_8D85_462A_A9B5_0B488ADB4269_.wvu.Cols: 'FE-61'!$E:$E
Name Z_2C0D9096_8D85_462A_A9B5_0B488ADB4269_.wvu.Cols: 'FE-62'!$E:$E
Name Z_2C0D9096_8D85_462A_A9B5_0B488ADB4269_.wvu.Cols: 'FE-63'!$E:$E
Name Z_2C0D9096_8D85_462A_A9B5_0B488ADB4269_.wvu.Cols: 'FE-64'!$E:$E
Name Z_2C0D9096_8D85_462A_A9B5_0B488ADB4269_.wvu.Cols: 'FE-65'!$E:$E
Name Z_2C0D9096_8D85_462A_A9B5_0B488ADB4269_.wvu.Cols: 'FE-66'!$E:$E
Name Z_2C0D9096_8D85_462A_A9B5_0B488ADB4269_.wvu.Cols: 'FE-71'!$E:$E
Name Z_2C0D9096_8D85_462A_A9B5_0B488ADB4269_.wvu.Cols: 'FE-72'!$E:$E
Name Z_2C0D9096_8D85_462A_A9B5_0B488ADB4269_.wvu.Cols: 'FE-73'!$E:$E
Name Z_2C0D9096_8D85_462A_A9B5_0B488ADB4269_.wvu.Cols: 'FE-74'!$E:$E
Name Z_2C0D9096_8D85_462A_A9B5_0B488ADB4269_.wvu.Cols: 'FE-75'!$E:$E
Name Z_2C0D9096_8D85_462A_A9B5_0B488ADB4269_.wvu.Cols: 'FE-76'!$E:$E
Name Z_2C0D9096_8D85_462A_A9B5_0B488ADB4269_.wvu.Cols: 'FE-77'!$E:$E
Name Z_2C0D9096_8D85_462A_A9B5_0B488ADB4269_.wvu.Cols: 'FE-78'!$E:$E
Name Z_2C0D9096_8D85_462A_A9B5_0B488ADB4269_.wvu.Cols: 'FE-79'!$E:$E
Name Z_2C0D9096_8D85_462A_A9B5_0B488ADB4269_.wvu.Cols: 'FE-82'!$E:$E
Name Z_2C0D9096_8D85_462A_A9B5_0B488ADB4269_.wvu.Cols: 'FE-83'!$E:$E
Name Z_2C0D9096_8D85_462A_A9B5_0B488ADB4269_.wvu.Cols: 'FE-84'!$E:$E
Name Z_2C0D9096_8D85_462A_A9B5_0B488ADB4269_.wvu.Cols: 'FE-85'!$E:$E
Name Z_2C0D9096_8D85_462A_A9B5_0B488ADB4269_.wvu.Cols: 'FE-86'!$E:$E
Name Z_2C0D9096_8D85_462A_A9B5_0B488ADB4269_.wvu.Cols: 'FE-87'!$E:$E
Name Z_2C0D9096_8D85_462A_A9B5_0B488ADB4269_.wvu.Cols: 'FE-88'!$E:$E
Name Z_2C0D9096_8D85_462A_A9B5_0B488ADB4269_.wvu.Cols: 'FE-90'!$E:$E
Name Z_2C0D9096_8D85_462A_A9B5_0B488ADB4269_.wvu.Cols: 'FE-97'!$E:$E
Name Z_2C0D9096_8D85_462A_A9B5_0B488ADB4269_.wvu.Cols: 'FE-98'!$E:$E
Name Z_2C0D9096_8D85_462A_A9B5_0B488ADB4269_.wvu.PrintArea: Statistics!$A:$I
Name Z_6F1DCD5D_5DAC_4817_BF40_2B66F6F593E6_.wvu.Cols: 'FE-01'!$E:$E
Name Z_6F1DCD5D_5DAC_4817_BF40_2B66F6F593E6_.wvu.Cols: 'FE-03'!$E:$E
Name Z_6F1DCD5D_5DAC_4817_BF40_2B66F6F593E6_.wvu.Cols: 'FE-05'!$E:$E
Name Z_6F1DCD5D_5DAC_4817_BF40_2B66F6F593E6_.wvu.Cols: 'FE-06'!$E:$E
Name Z_6F1DCD5D_5DAC_4817_BF40_2B66F6F593E6_.wvu.Cols: 'FE-07'!$E:$E
Name Z_6F1DCD5D_5DAC_4817_BF40_2B66F6F593E6_.wvu.Cols: 'FE-08'!$E:$E

Sheet Guideline
A1: Guideline to make and understand Unit Test Case
A3: 1. Overview
A4: - In the template, Unit test cases are based on functions. Each sheet presents test cases for one function.
A5: - Cover: General information of the project and Unit Test cases
A6: - FunctionList: The list of Classes and Functions in the document. + To control that the number of Unit TC meets customer's requirement or the norm, user should fill value for 'Normal number of Test cases/KLOC'.
A7: + Click on Function link to open the related Test cases of the function. Note: You should create new Function sheet before creating the link
A8: - Test Report: provive the overview results of Functions Unit test: Test coverage, Test successful coverage (Summary, for normal/abnormal/boundary cases)
A9: Note: Should check the formula of "Sub Total" if you add more functions
A11: 2. Content in Test function sheet
A12: 2.1 Combination of test cases.
A13: - To verify that number of Unit TC meets customer's requirement or not. User has to fill number LOC of tested function and fill value of 'Normal number test cases/KLOC' item in FunctionList sheet, which is required by customer or normal value. The number of lacked TC is shown in 'Lack of test cases' item.
A14: - If the number of Unit TC does not meet the requirement, creator should explain the reasons.
... A47: - Test requirement: Brief description about requirements which are tested in this function, it is not mandatory.

Sheet Cover
B2: UNIT TEST DOCUMENT
A4: Project Name | B4: Building a real-time platform to support exam management and organization at FPT University using Clean Architecture, NextJS, .Net, MySQL, and Zalo Mini App | E4: Creator | F4: TuanND, BaoPG, ThangTVB, AnhNN, Quang TVD
A5: Project Code | B5: FUEM | E5: Issue Date | F5: 45679
A6: Document Code | B6: FUEM_Report5_Test Report_v1.0 | E6: Version | F6: v1.03
A9: Record of change
A10: Effective Date | B10: Version | C10: Change Item | D10: *A,D,M | E10: Change description | F10: Reference
A11: 45679 | B11: v1.0 | C11: All Document | D11: A | E11: Create document
A12: 45713 | B12: v1.01 | C12: All Document | D12: M | E12: Modify sample template baseline for API Testing
A13: 45748 | B13: 1.02 | C13: All Document | D13: M | E13: Baseline document
A14: 45767 | B14: v1.03 | C14: All Document | D14: M | E14: Fix comment Mentor

Sheet Functions
E2: Function List
A4: Project Name | E4: =Cover!B4 -> Building a real-time platform to support exam management and organization at FPT University using Clean Architecture, NextJS, .Net, MySQL, and Zalo Mini App
A5: Project Code | E5: =Cover!B5 -> FUEM
A6: Normal number of Test cases/KLOC | E6: 20
A7: Test Environment Setup Description | E7: 1. Server - FE: https://dev.nextexam.tech - BE: https://api-dev.nextexam.tech - Zalo Mini App: FPT University Exam 2. Database: nextexam-dev 3. Web Browser: Chrome
A10: No | B10: Requirement Name | C10: Class Name | D10: Function Name | E10: Function Code(Optional) | F10: Sheet Name | G10: Description | H10: Pre-Condition
A11: 1 | B11: Sign in with Microsoft account & Google Account | C11: IdentityController | D11: FE-01_Sign in with Microsoft account & Google Account | E11: FE-01 | F11: FE-01
A12: 2 | B12: [ZMP] Log in with zalo account | C12: IdentityController | D12: FE-03_[ZMP] Log in with zalo account | E12: FE-03 | F12: FE-03
A13: 3 | B13: View the list of users on the system | C13: IdentityController | D13: FE-05_View the list of users on the system | E13: FE-05 | F13: FE-05
A14: 4 | B14: View and update user details | C14: IdentityController | D14: FE-06_View and update user details | E14: FE-06 | F14: FE-06
A15: 5 | B15: Add users with access to the system | C15: IdentityController | D15: FE-07_Add users with access to the system | E15: FE-07 | F15: FE-07
A16: 6 | B16: Lock user accounts | C16: IdentityController | D16: FE-08_Lock user accounts | E16: FE-08 | F16: FE-08
A17: 7 | B17: Import users using excel file | C17: IdentityController | D17: FE-09_Import users using excel file | E17: FE-09 | F17: FE-09
A18: 8 | B18: View list of departments | C18: DepartmentsController | D18: FE-10_View list of departments | E18: FE-10 | F18: FE-10
A19: 9 | B19: CRUD department | C19: DepartmentsController | D19: FE-11_CRUD department | E19: FE-11 | F19: FE-11
A20: 10 | B20: View list of classrooms | C20: RoomsController | D20: FE-12_View list of classrooms | E20: FE-12 | F20: FE-12
A21: 11 | B21: CRUD classroom | C21: RoomsController | D21: FE-13_CRUD classroom | E21: FE-13 | F21: FE-13
A22: 12 | B22: Import classroom via excel file | C22: RoomsController | D22: FE-14_Import classroom via excel file | E22: FE-14 | F22: FE-14
... A76: 66 | B76: Send notifications about the server being open to the exam rooms | C76: ExamsCodeController | D76: FE-69_Send notifications about the server being open to the exam rooms | E76: FE-69 | F76: FE-69
A77: 67 | B77: [ZMP] Get information about exam code and exam regulations for that subject | D77: FE-70_[ZMP] Get information about exam code and exam regulations for that subject | E77: FE-70 | F77: FE-70
A78: 68 | B78: View the list of exam supervisors by day | C78: RegistrationsController | D78: FE-71_View the list of exam supervisors by day | E78: FE-71 | F78: FE-71
A79: 69 | B79: Update the status of receiving and resending paper exam documents | C79: RegistrationsController | D79: FE-72_Update the status of receiving and resending paper exam documents | E79: FE-72 | F79: FE-72
A80: 70 | B80: Calculate exam supervisor exam time | C80: ExamRoomsController | D80: FE-73_Calculate exam supervisor exam time | E80: FE-73 | F80: FE-73
A81: 71 | B81: Export exam supervisor exam time statistics | C81: ExamRoomsController | D81: FE-74_Export exam supervisor exam time statistics | E81: FE-74 | F81: FE-74
A82: 72 | B82: [ZMP] Create a new issue for a candidate. | C82: TicketsController | D82: FE-75_[ZMP] Create a new issue for a candidate. | E82: FE-75 | F82: FE-75
A83: 73 | B83: [ZMP] Tracking the status and feedback of the issue. | C83: TicketsController | D83: FE-76_[ZMP] Tracking the status and feedback of the issue. | E83: FE-76 | F83: FE-76
A84: 74 | B84: [ZMP] Communicate with the handling staff about the issue. | C84: TicketsController | D84: FE-77_[ZMP] Communicate with the handling staff about the issue. | E84: FE-77 | F84: FE-77
A85: 75 | B85: View the list of issue categories. | C85: TicketCategoryController | D85: FE-78_View the list of issue categories. | E85: FE-78 | F85: FE-78
A86: 76 | B86: CRUD issue categories. | C86: TicketCategoryController | D86: FE-79_CRUD issue categories. | E86: FE-79 | F86: FE-79
A87: 77 | B87: View list of issues | C87: TicketsController | D87: FE-82_View list of issues | E87: FE-82 | F87: FE-82
A88: 78 | B88: View the list of issues assigned to me | C88: TicketsController | D88: FE-83_View the list of issues assigned to me | E88: FE-83 | F88: FE-83
A89: 79 | B89: View list of issues by category | C89: TicketsController | D89: FE-84_View list of issues by category | E89: FE-84 | F89: FE-84
... A103: 95 | B103: Export summary report file by day | C103: ExportController | D103: FE-100_Export summary report file by day | E103: FE-100 | F103: FE-100
A104: 96 | B104: Chat with AI about exam issues | D104: FE-101_Chat with AI about exam isssues | E104: FE-101 | F104: FE-101

Sheet Statistics
A2: UNIT TEST REPORT
A4: Project Name | B4: =Cover!B4 -> Building a real-time platform to support exam management and organization at FPT University using Clean Architecture, NextJS, .Net, MySQL, and Zalo Mini App | D4: Creator | F4: TuanND
A5: Project Code | B5: =Cover!B5 -> FUEM | D5: Reviewer/Approver | F5: BaoPG
A6: Document Code | B6: =B5&"_"&"Test Report"&"_"&"v1.0" -> FUEM_Test Report_v1.0 | D6: Issue Date | F6: 45768
A7: Notes
A11: No | B11: Function code | C11: Passed | D11: Failed | E11: Untested | F11: N | G11: A | H11: B | I11: Total Test Cases
A12: 1 | B12: FE-01 | C12: =INDIRECT("'" & B12 & "'!A7") -> 5 | D12: =INDIRECT("'" & B12 & "'!C7") -> 0 | E12: =INDIRECT("'" & B12 & "'!F7") -> 0 | F12: =INDIRECT("'" & B12 & "'!L7") -> 1 | G12: =INDIRECT("'" & B12 & "'!M7") -> 4 | H12: =INDIRECT("'" & B12 & "'!N7") -> 0 | I12: =INDIRECT("'" & B12 & "'!O7") -> 5
A13: 2 | B13: FE-03 | C13: =INDIRECT("'" & B13 & "'!A7") -> 5 | D13: =INDIRECT("'" & B13 & "'!C7") -> 0 | E13: =INDIRECT("'" & B13 & "'!F7") -> 0 | F13: =INDIRECT("'" & B13 & "'!L7") -> 1 | G13: =INDIRECT("'" & B13 & "'!M7") -> 4 | H13: =INDIRECT("'" & B13 & "'!N7") -> 0 | I13: =INDIRECT("'" & B13 & "'!O7") -> 5
A14: 3 | B14: FE-05 | C14: =INDIRECT("'" & B14 & "'!A7") -> 9 | D14: =INDIRECT("'" & B14 & "'!C7") -> 0 | E14: =INDIRECT("'" & B14 & "'!F7") -> 0 | F14: =INDIRECT("'" & B14 & "'!L7") -> 5 | G14: =INDIRECT("'" & B14 & "'!M7") -> 4 | H14: =INDIRECT("'" & B14 & "'!N7") -> 0 | I14: =INDIRECT("'" & B14 & "'!O7") -> 9
A15: 4 | B15: FE-06 | C15: =INDIRECT("'" & B15 & "'!A7") -> 7 | D15: =INDIRECT("'" & B15 & "'!C7") -> 0 | E15: =INDIRECT("'" & B15 & "'!F7") -> 0 | F15: =INDIRECT("'" & B15 & "'!L7") -> 7 | G15: =INDIRECT("'" & B15 & "'!M7") -> 0 | H15: =INDIRECT("'" & B15 & "'!N7") -> 0 | I15: =INDIRECT("'" & B15 & "'!O7") -> 7
A16: 5 | B16: FE-07 | C16: =INDIRECT("'" & B16 & "'!A7") -> 6 | D16: =INDIRECT("'" & B16 & "'!C7") -> 0 | E16: =INDIRECT("'" & B16 & "'!F7") -> 0 | F16: =INDIRECT("'" & B16 & "'!L7") -> 6 | G16: =INDIRECT("'" & B16 & "'!M7") -> 0 | H16: =INDIRECT("'" & B16 & "'!N7") -> 0 | I16: =INDIRECT("'" & B16 & "'!O7") -> 6
A17: 6 | B17: FE-08 | C17: =INDIRECT("'" & B17 & "'!A7") -> 5 | D17: =INDIRECT("'" & B17 & "'!C7") -> 0 | E17: =INDIRECT("'" & B17 & "'!F7") -> 0 | F17: =INDIRECT("'" & B17 & "'!L7") -> 5 | G17: =INDIRECT("'" & B17 & "'!M7") -> 0 | H17: =INDIRECT("'" & B17 & "'!N7") -> 0 | I17: =INDIRECT("'" & B17 & "'!O7") -> 5
A18: 7 | B18: FE-09 | C18: =INDIRECT("'" & B18 & "'!A7") -> 3 | D18: =INDIRECT("'" & B18 & "'!C7") -> 0 | E18: =INDIRECT("'" & B18 & "'!F7") -> 0 | F18: =INDIRECT("'" & B18 & "'!L7") -> 1 | G18: =INDIRECT("'" & B18 & "'!M7") -> 2 | H18: =INDIRECT("'" & B18 & "'!N7") -> 0 | I18: =INDIRECT("'" & B18 & "'!O7") -> 3
A19: 8 | B19: FE-10 | C19: =INDIRECT("'" & B19 & "'!A7") -> 6 | D19: =INDIRECT("'" & B19 & "'!C7") -> 0 | E19: =INDIRECT("'" & B19 & "'!F7") -> 0 | F19: =INDIRECT("'" & B19 & "'!L7") -> 3 | G19: =INDIRECT("'" & B19 & "'!M7") -> 3 | H19: =INDIRECT("'" & B19 & "'!N7") -> 0 | I19: =INDIRECT("'" & B19 & "'!O7") -> 6
A20: 9 | B20: FE-11 | C20: =INDIRECT("'" & B20 & "'!A7") -> 15 | D20: =INDIRECT("'" & B20 & "'!C7") -> 0 | E20: =INDIRECT("'" & B20 & "'!F7") -> 0 | F20: =INDIRECT("'" & B20 & "'!L7") -> 4 | G20: =INDIRECT("'" & B20 & "'!M7") -> 11 | H20: =INDIRECT("'" & B20 & "'!N7") -> 0 | I20: =INDIRECT("'" & B20 & "'!O7") -> 15
A21: 10 | B21: FE-12 | C21: =INDIRECT("'" & B21 & "'!A7") -> 9 | D21: =INDIRECT("'" & B21 & "'!C7") -> 0 | E21: =INDIRECT("'" & B21 & "'!F7") -> 0 | F21: =INDIRECT("'" & B21 & "'!L7") -> 6 | G21: =INDIRECT("'" & B21 & "'!M7") -> 3 | H21: =INDIRECT("'" & B21 & "'!N7") -> 0 | I21: =INDIRECT("'" & B21 & "'!O7") -> 9
A22: 11 | B22: FE-13 | C22: =INDIRECT("'" & B22 & "'!A7") -> 17 | D22: =INDIRECT("'" & B22 & "'!C7") -> 0 | E22: =INDIRECT("'" & B22 & "'!F7") -> 0 | F22: =INDIRECT("'" & B22 & "'!L7") -> 4 | G22: =INDIRECT("'" & B22 & "'!M7") -> 13 | H22: =INDIRECT("'" & B22 & "'!N7") -> 0 | I22: =INDIRECT("'" & B22 & "'!O7") -> 17
A23: 12 | B23: FE-14 | C23: =INDIRECT("'" & B23 & "'!A7") -> 3 | D23: =INDIRECT("'" & B23 & "'!C7") -> 0 | E23: =INDIRECT("'" & B23 & "'!F7") -> 0 | F23: =INDIRECT("'" & B23 & "'!L7") -> 1 | G23: =INDIRECT("'" & B23 & "'!M7") -> 2 | H23: =INDIRECT("'" & B23 & "'!N7") -> 0 | I23: =INDIRECT("'" & B23 & "'!O7") -> 3
A24: 13 | B24: FE-15 | C24: =INDIRECT("'" & B24 & "'!A7") -> 9 | D24: =INDIRECT("'" & B24 & "'!C7") -> 0 | E24: =INDIRECT("'" & B24 & "'!E7") -> 0 | F24: =INDIRECT("'" & B24 & "'!K7") -> 6 | G24: =INDIRECT("'" & B24 & "'!L7") -> 3 | H24: =INDIRECT("'" & B24 & "'!M7") -> 0 | I24: =INDIRECT("'" & B24 & "'!N7") -> 9
A25: 14 | B25: FE-16 | C25: =INDIRECT("'" & B25 & "'!A7") -> 17 | D25: =INDIRECT("'" & B25 & "'!C7") -> 0 | E25: =INDIRECT("'" & B25 & "'!E7") -> 0 | F25: =INDIRECT("'" & B25 & "'!K7") -> 4 | G25: =INDIRECT("'" & B25 & "'!L7") -> 13 | H25: =INDIRECT("'" & B25 & "'!M7") -> 0 | I25: =INDIRECT("'" & B25 & "'!N7") -> 17
A26: 15 | B26: FE-17 | C26: =INDIRECT("'" & B26 & "'!A7") -> 3 | D26: =INDIRECT("'" & B26 & "'!C7") -> 0 | E26: =INDIRECT("'" & B26 & "'!F7") -> 0 | F26: =INDIRECT("'" & B26 & "'!L7") -> 1 | G26: =INDIRECT("'" & B26 & "'!M7") -> 2 | H26: =INDIRECT("'" & B26 & "'!N7") -> 0 | I26: =INDIRECT("'" & B26 & "'!O7") -> 3
A27: 16 | B27: FE-18 | C27: =INDIRECT("'" & B27 & "'!A7") -> 9 | D27: =INDIRECT("'" & B27 & "'!C7") -> 0 | E27: =INDIRECT("'" & B27 & "'!E7") -> 0 | F27: =INDIRECT("'" & B27 & "'!K7") -> 6 | G27: =INDIRECT("'" & B27 & "'!L7") -> 3 | H27: =INDIRECT("'" & B27 & "'!M7") -> 0 | I27: =INDIRECT("'" & B27 & "'!N7") -> 9
A28: 17 | B28: FE-19 | C28: =INDIRECT("'" & B28 & "'!A7") -> 17 | D28: =INDIRECT("'" & B28 & "'!C7") -> 0 | E28: =INDIRECT("'" & B28 & "'!E7") -> 0 | F28: =INDIRECT("'" & B28 & "'!K7") -> 4 | G28: =INDIRECT("'" & B28 & "'!L7") -> 13 | H28: =INDIRECT("'" & B28 & "'!M7") -> 0 | I28: =INDIRECT("'" & B28 & "'!N7") -> 17
A29: 18 | B29: FE-20 | C29: =INDIRECT("'" & B29 & "'!A7") -> 3 | D29: =INDIRECT("'" & B29 & "'!C7") -> 0 | E29: =INDIRECT("'" & B29 & "'!F7") -> 0 | F29: =INDIRECT("'" & B29 & "'!L7") -> 1 | G29: =INDIRECT("'" & B29 & "'!M7") -> 2 | H29: =INDIRECT("'" & B29 & "'!N7") -> 0 | I29: =INDIRECT("'" & B29 & "'!O7") -> 3
A30: 19 | B30: FE-21 | C30: =INDIRECT("'" & B30 & "'!A7") -> 9 | D30: =INDIRECT("'" & B30 & "'!C7") -> 0 | E30: =INDIRECT("'" & B30 & "'!E7") -> 0 | F30: =INDIRECT("'" & B30 & "'!K7") -> 6 | G30: =INDIRECT("'" & B30 & "'!L7") -> 3 | H30: =INDIRECT("'" & B30 & "'!M7") -> 0 | I30: =INDIRECT("'" & B30 & "'!N7") -> 9
A31: 20 | B31: FE-22 | C31: =INDIRECT("'" & B31 & "'!A7") -> 17 | D31: =INDIRECT("'" & B31 & "'!C7") -> 0 | E31: =INDIRECT("'" & B31 & "'!E7") -> 0 | F31: =INDIRECT("'" & B31 & "'!K7") -> 4 | G31: =INDIRECT("'" & B31 & "'!L7") -> 13 | H31: =INDIRECT("'" & B31 & "'!M7") -> 0 | I31: =INDIRECT("'" & B31 & "'!N7") -> 17
A32: 21 | B32: FE-23 | C32: =INDIRECT("'" & B32 & "'!A7") -> 9 | D32: =INDIRECT("'" & B32 & "'!C7") -> 0 | E32: =INDIRECT("'" & B32 & "'!E7") -> 0 | F32: =INDIRECT("'" & B32 & "'!K7") -> 6 | G32: =INDIRECT("'" & B32 & "'!L7") -> 3 | H32: =INDIRECT("'" & B32 & "'!M7") -> 0 | I32: =INDIRECT("'" & B32 & "'!N7") -> 9
A33: 22 | B33: FE-24 | C33: =INDIRECT("'" & B33 & "'!A7") -> 17 | D33: =INDIRECT("'" & B33 & "'!C7") -> 0 | E33: =INDIRECT("'" & B33 & "'!E7") -> 0 | F33: =INDIRECT("'" & B33 & "'!K7") -> 4 | G33: =INDIRECT("'" & B33 & "'!L7") -> 13 | H33: =INDIRECT("'" & B33 & "'!M7") -> 0 | I33: =INDIRECT("'" & B33 & "'!N7") -> 17
A34: 23 | B34: FE-26 | C34: =INDIRECT("'" & B34 & "'!A7") -> 9 | D34: =INDIRECT("'" & B34 & "'!C7") -> 0 | E34: =INDIRECT("'" & B34 & "'!F7") -> 0 | F34: =INDIRECT("'" & B34 & "'!L7") -> 6 | G34: =INDIRECT("'" & B34 & "'!M7") -> 3 | H34: =INDIRECT("'" & B34 & "'!N7") -> 0 | I34: =INDIRECT("'" & B34 & "'!O7") -> 9
A35: 24 | B35: FE-27 | C35: =INDIRECT("'" & B35 & "'!A7") -> 19 | D35: =INDIRECT("'" & B35 & "'!C7") -> 0 | E35: =INDIRECT("'" & B35 & "'!F7") -> 0 | F35: =INDIRECT("'" & B35 & "'!L7") -> 4 | G35: =INDIRECT("'" & B35 & "'!M7") -> 15 | H35: =INDIRECT("'" & B35 & "'!N7") -> 0 | I35: =INDIRECT("'" & B35 & "'!O7") -> 19
A36: 25 | B36: FE-28 | C36: =INDIRECT("'" & B36 & "'!A7") -> 4 | D36: =INDIRECT("'" & B36 & "'!C7") -> 0 | E36: =INDIRECT("'" & B36 & "'!E7") -> 0 | F36: =INDIRECT("'" & B36 & "'!K7") -> 1 | G36: =INDIRECT("'" & B36 & "'!L7") -> 3 | H36: =INDIRECT("'" & B36 & "'!M7") -> 0 | I36: =INDIRECT("'" & B36 & "'!N7") -> 4
A37: 26 | B37: FE-29 | C37: =INDIRECT("'" & B37 & "'!A7") -> 9 | D37: =INDIRECT("'" & B37 & "'!C7") -> 0 | E37: =INDIRECT("'" & B37 & "'!E7") -> 0 | F37: =INDIRECT("'" & B37 & "'!K7") -> 6 | G37: =INDIRECT("'" & B37 & "'!L7") -> 3 | H37: =INDIRECT("'" & B37 & "'!M7") -> 0 | I37: =INDIRECT("'" & B37 & "'!N7") -> 9
A38: 27 | B38: FE-30 | C38: =INDIRECT("'" & B38 & "'!A7") -> 17 | D38: =INDIRECT("'" & B38 & "'!C7") -> 0 | E38: =INDIRECT("'" & B38 & "'!E7") -> 0 | F38: =INDIRECT("'" & B38 & "'!K7") -> 4 | G38: =INDIRECT("'" & B38 & "'!L7") -> 13 | H38: =INDIRECT("'" & B38 & "'!M7") -> 0 | I38: =INDIRECT("'" & B38 & "'!N7") -> 17
A39: 28 | B39: FE-31 | C39: =INDIRECT("'" & B39 & "'!A7") -> 9 | D39: =INDIRECT("'" & B39 & "'!C7") -> 0 | E39: =INDIRECT("'" & B39 & "'!E7") -> 0 | F39: =INDIRECT("'" & B39 & "'!K7") -> 6 | G39: =INDIRECT("'" & B39 & "'!L7") -> 3 | H39: =INDIRECT("'" & B39 & "'!M7") -> 0 | I39: =INDIRECT("'" & B39 & "'!N7") -> 9
A40: 29 | B40: FE-32 | C40: =INDIRECT("'" & B40 & "'!A7") -> 5 | D40: =INDIRECT("'" & B40 & "'!C7") -> 0 | E40: =INDIRECT("'" & B40 & "'!E7") -> 0 | F40: =INDIRECT("'" & B40 & "'!K7") -> 1 | G40: =INDIRECT("'" & B40 & "'!L7") -> 4 | H40: =INDIRECT("'" & B40 & "'!M7") -> 0 | I40: =INDIRECT("'" & B40 & "'!N7") -> 5
A41: 30 | B41: FE-33 | C41: =INDIRECT("'" & B41 & "'!A7") -> 3 | D41: =INDIRECT("'" & B41 & "'!C7") -> 0 | E41: =INDIRECT("'" & B41 & "'!E7") -> 0 | F41: =INDIRECT("'" & B41 & "'!K7") -> 1 | G41: =INDIRECT("'" & B41 & "'!L7") -> 2 | H41: =INDIRECT("'" & B41 & "'!M7") -> 0 | I41: =INDIRECT("'" & B41 & "'!N7") -> 3
A42: 31 | B42: FE-34 | C42: =INDIRECT("'" & B42 & "'!A7") -> 6 | D42: =INDIRECT("'" & B42 & "'!C7") -> 0 | E42: =INDIRECT("'" & B42 & "'!F7") -> 0 | F42: =INDIRECT("'" & B42 & "'!L7") -> 3 | G42: =INDIRECT("'" & B42 & "'!M7") -> 3 | H42: =INDIRECT("'" & B42 & "'!N7") -> 0 | I42: =INDIRECT("'" & B42 & "'!O7") -> 6
A43: 32 | B43: FE-35 | C43: =INDIRECT("'" & B43 & "'!A7") -> 17 | D43: =INDIRECT("'" & B43 & "'!C7") -> 0 | E43: =INDIRECT("'" & B43 & "'!F7") -> 0 | F43: =INDIRECT("'" & B43 & "'!L7") -> 4 | G43: =INDIRECT("'" & B43 & "'!M7") -> 13 | H43: =INDIRECT("'" & B43 & "'!N7") -> 0 | I43: =INDIRECT("'" & B43 & "'!O7") -> 17
A44: 33 | B44: FE-36 | C44: =INDIRECT("'" & B44 & "'!A7") -> 4 | D44: =INDIRECT("'" & B44 & "'!C7") -> 0 | E44: =INDIRECT("'" & B44 & "'!F7") -> 0 | F44: =INDIRECT("'" & B44 & "'!L7") -> 1 | G44: =INDIRECT("'" & B44 & "'!M7") -> 3 | H44: =INDIRECT("'" & B44 & "'!N7") -> 0 | I44: =INDIRECT("'" & B44 & "'!O7") -> 4
A45: 34 | B45: FE-37 | C45: =INDIRECT("'" & B45 & "'!A7") -> 6 | D45: =INDIRECT("'" & B45 & "'!C7") -> 0 | E45: =INDIRECT("'" & B45 & "'!F7") -> 0 | F45: =INDIRECT("'" & B45 & "'!L7") -> 3 | G45: =INDIRECT("'" & B45 & "'!M7") -> 3 | H45: =INDIRECT("'" & B45 & "'!N7") -> 0 | I45: =INDIRECT("'" & B45 & "'!O7") -> 6
A46: 35 | B46: FE-38 | C46: =INDIRECT("'" & B46 & "'!A7") -> 7 | D46: =INDIRECT("'" & B46 & "'!C7") -> 0 | E46: =INDIRECT("'" & B46 & "'!E7") -> 0 | F46: =INDIRECT("'" & B46 & "'!K7") -> 1 | G46: =INDIRECT("'" & B46 & "'!L7") -> 6 | H46: =INDIRECT("'" & B46 & "'!M7") -> 0 | I46: =INDIRECT("'" & B46 & "'!N7") -> 7
A47: 36 | B47: FE-39 | C47: =INDIRECT("'" & B47 & "'!A7") -> 8 | D47: =INDIRECT("'" & B47 & "'!C7") -> 0 | E47: =INDIRECT("'" & B47 & "'!E7") -> 0 | F47: =INDIRECT("'" & B47 & "'!K7") -> 1 | G47: =INDIRECT("'" & B47 & "'!L7") -> 7 | H47: =INDIRECT("'" & B47 & "'!M7") -> 0 | I47: =INDIRECT("'" & B47 & "'!N7") -> 8
A48: 37 | B48: FE-40 | C48: =INDIRECT("'" & B48 & "'!A7") -> 3 | D48: =INDIRECT("'" & B48 & "'!C7") -> 0 | E48: =INDIRECT("'" & B48 & "'!E7") -> 0 | F48: =INDIRECT("'" & B48 & "'!K7") -> 1 | G48: =INDIRECT("'" & B48 & "'!L7") -> 2 | H48: =INDIRECT("'" & B48 & "'!M7") -> 0 | I48: =INDIRECT("'" & B48 & "'!N7") -> 3
A49: 38 | B49: FE-41 | C49: =INDIRECT("'" & B49 & "'!A7") -> 6 | D49: =INDIRECT("'" & B49 & "'!C7") -> 0 | E49: =INDIRECT("'" & B49 & "'!F7") -> 0 | F49: =INDIRECT("'" & B49 & "'!L7") -> 3 | G49: =INDIRECT("'" & B49 & "'!M7") -> 3 | H49: =INDIRECT("'" & B49 & "'!N7") -> 0 | I49: =INDIRECT("'" & B49 & "'!O7") -> 6
A50: 39 | B50: FE-42 | C50: =INDIRECT("'" & B50 & "'!A7") -> 5 | D50: =INDIRECT("'" & B50 & "'!C7") -> 0 | E50: =INDIRECT("'" & B50 & "'!F7") -> 0 | F50: =INDIRECT("'" & B50 & "'!L7") -> 1 | G50: =INDIRECT("'" & B50 & "'!M7") -> 4 | H50: =INDIRECT("'" & B50 & "'!N7") -> 0 | I50: =INDIRECT("'" & B50 & "'!O7") -> 5
A51: 40 | B51: FE-43 | C51: =INDIRECT("'" & B51 & "'!A7") -> 6 | D51: =INDIRECT("'" & B51 & "'!C7") -> 0 | E51: =INDIRECT("'" & B51 & "'!F7") -> 0 | F51: =INDIRECT("'" & B51 & "'!L7") -> 3 | G51: =INDIRECT("'" & B51 & "'!M7") -> 3 | H51: =INDIRECT("'" & B51 & "'!N7") -> 0 | I51: =INDIRECT("'" & B51 & "'!O7") -> 6
A52: 41 | B52: FE-44 | C52: =INDIRECT("'" & B52 & "'!A7") -> 4 | D52: =INDIRECT("'" & B52 & "'!C7") -> 0 | E52: =INDIRECT("'" & B52 & "'!F7") -> 0 | F52: =INDIRECT("'" & B52 & "'!L7") -> 4 | G52: =INDIRECT("'" & B52 & "'!M7") -> 0 | H52: =INDIRECT("'" & B52 & "'!N7") -> 0 | I52: =INDIRECT("'" & B52 & "'!O7") -> 4
A53: 42 | B53: FE-45 | C53: =INDIRECT("'" & B53 & "'!A7") -> 6 | D53: =INDIRECT("'" & B53 & "'!C7") -> 0 | E53: =INDIRECT("'" & B53 & "'!F7") -> 0 | F53: =INDIRECT("'" & B53 & "'!L7") -> 3 | G53: =INDIRECT("'" & B53 & "'!M7") -> 3 | H53: =INDIRECT("'" & B53 & "'!N7") -> 0 | I53: =INDIRECT("'" & B53 & "'!O7") -> 6
A54: 43 | B54: FE-46 | C54: =INDIRECT("'" & B54 & "'!A7") -> 10 | D54: =INDIRECT("'" & B54 & "'!C7") -> 0 | E54: =INDIRECT("'" & B54 & "'!F7") -> 0 | F54: =INDIRECT("'" & B54 & "'!L7") -> 3 | G54: =INDIRECT("'" & B54 & "'!M7") -> 7 | H54: =INDIRECT("'" & B54 & "'!N7") -> 0 | I54: =INDIRECT("'" & B54 & "'!O7") -> 10
A55: 44 | B55: FE-47 | C55: =INDIRECT("'" & B55 & "'!A7") -> 6 | D55: =INDIRECT("'" & B55 & "'!C7") -> 0 | E55: =INDIRECT("'" & B55 & "'!F7") -> 0 | F55: =INDIRECT("'" & B55 & "'!L7") -> 3 | G55: =INDIRECT("'" & B55 & "'!M7") -> 3 | H55: =INDIRECT("'" & B55 & "'!N7") -> 0 | I55: =INDIRECT("'" & B55 & "'!O7") -> 6
A56: 45 | B56: FE-48 | C56: =INDIRECT("'" & B56 & "'!A7") -> 5 | D56: =INDIRECT("'" & B56 & "'!C7") -> 0 | E56: =INDIRECT("'" & B56 & "'!F7") -> 0 | F56: =INDIRECT("'" & B56 & "'!L7") -> 1 | G56: =INDIRECT("'" & B56 & "'!M7") -> 4 | H56: =INDIRECT("'" & B56 & "'!N7") -> 0 | I56: =INDIRECT("'" & B56 & "'!O7") -> 5
A57: 46 | B57: FE-49 | C57: =INDIRECT("'" & B57 & "'!A7") -> 3 | D57: =INDIRECT("'" & B57 & "'!C7") -> 0 | E57: =INDIRECT("'" & B57 & "'!E7") -> 0 | F57: =INDIRECT("'" & B57 & "'!K7") -> 1 | G57: =INDIRECT("'" & B57 & "'!L7") -> 2 | H57: =INDIRECT("'" & B57 & "'!M7") -> 0 | I57: =INDIRECT("'" & B57 & "'!N7") -> 3
A58: 47 | B58: FE-50 | C58: =INDIRECT("'" & B58 & "'!A7") -> 6 | D58: =INDIRECT("'" & B58 & "'!C7") -> 0 | E58: =INDIRECT("'" & B58 & "'!F7") -> 0 | F58: =INDIRECT("'" & B58 & "'!L7") -> 3 | G58: =INDIRECT("'" & B58 & "'!M7") -> 3 | H58: =INDIRECT("'" & B58 & "'!N7") -> 0 | I58: =INDIRECT("'" & B58 & "'!O7") -> 6
A59: 48 | B59: FE-51 | C59: =INDIRECT("'" & B59 & "'!A7") -> 5 | D59: =INDIRECT("'" & B59 & "'!C7") -> 0 | E59: =INDIRECT("'" & B59 & "'!F7") -> 0 | F59: =INDIRECT("'" & B59 & "'!L7") -> 1 | G59: =INDIRECT("'" & B59 & "'!M7") -> 4 | H59: =INDIRECT("'" & B59 & "'!N7") -> 0 | I59: =INDIRECT("'" & B59 & "'!O7") -> 5
A60: 49 | B60: FE-52 | C60: =INDIRECT("'" & B60 & "'!A7") -> 5 | D60: =INDIRECT("'" & B60 & "'!C7") -> 0 | E60: =INDIRECT("'" & B60 & "'!F7") -> 0 | F60: =INDIRECT("'" & B60 & "'!L7") -> 1 | G60: =INDIRECT("'" & B60 & "'!M7") -> 4 | H60: =INDIRECT("'" & B60 & "'!N7") -> 0 | I60: =INDIRECT("'" & B60 & "'!O7") -> 5
A61: 50 | B61: FE-53 | C61: =INDIRECT("'" & B61 & "'!A7") -> 6 | D61: =INDIRECT("'" & B61 & "'!C7") -> 0 | E61: =INDIRECT("'" & B61 & "'!F7") -> 0 | F61: =INDIRECT("'" & B61 & "'!L7") -> 6 | G61: =INDIRECT("'" & B61 & "'!M7") -> 0 | H61: =INDIRECT("'" & B61 & "'!N7") -> 0 | I61: =INDIRECT("'" & B61 & "'!O7") -> 6
A62: 51 | B62: FE-54 | C62: =INDIRECT("'" & B62 & "'!A7") -> 5 | D62: =INDIRECT("'" & B62 & "'!C7") -> 0 | E62: =INDIRECT("'" & B62 & "'!F7") -> 0 | F62: =INDIRECT("'" & B62 & "'!L7") -> 5 | G62: =INDIRECT("'" & B62 & "'!M7") -> 0 | H62: =INDIRECT("'" & B62 & "'!N7") -> 0 | I62: =INDIRECT("'" & B62 & "'!O7") -> 5
A63: 52 | B63: FE-55 | C63: =INDIRECT("'" & B63 & "'!A7") -> 5 | D63: =INDIRECT("'" & B63 & "'!C7") -> 0 | E63: =INDIRECT("'" & B63 & "'!F7") -> 0 | F63: =INDIRECT("'" & B63 & "'!L7") -> 2 | G63: =INDIRECT("'" & B63 & "'!M7") -> 3 | H63: =INDIRECT("'" & B63 & "'!N7") -> 0 | I63: =INDIRECT("'" & B63 & "'!O7") -> 5
A64: 53 | B64: FE-56 | C64: =INDIRECT("'" & B64 & "'!A7") -> 5 | D64: =INDIRECT("'" & B64 & "'!C7") -> 0 | E64: =INDIRECT("'" & B64 & "'!F7") -> 0 | F64: =INDIRECT("'" & B64 & "'!L7") -> 2 | G64: =INDIRECT("'" & B64 & "'!M7") -> 3 | H64: =INDIRECT("'" & B64 & "'!N7") -> 0 | I64: =INDIRECT("'" & B64 & "'!O7") -> 5
A65: 54 | B65: FE-57 | C65: =INDIRECT("'" & B65 & "'!A7") -> 7 | D65: =INDIRECT("'" & B65 & "'!C7") -> 0 | E65: =INDIRECT("'" & B65 & "'!F7") -> 0 | F65: =INDIRECT("'" & B65 & "'!L7") -> 1 | G65: =INDIRECT("'" & B65 & "'!M7") -> 6 | H65: =INDIRECT("'" & B65 & "'!N7") -> 0 | I65: =INDIRECT("'" & B65 & "'!O7") -> 7
A66: 55 | B66: FE-58 | C66: =INDIRECT("'" & B66 & "'!A7") -> 5 | D66: =INDIRECT("'" & B66 & "'!C7") -> 0 | E66: =INDIRECT("'" & B66 & "'!F7") -> 0 | F66: =INDIRECT("'" & B66 & "'!L7") -> 1 | G66: =INDIRECT("'" & B66 & "'!M7") -> 4 | H66: =INDIRECT("'" & B66 & "'!N7") -> 0 | I66: =INDIRECT("'" & B66 & "'!O7") -> 5
A67: 56 | B67: FE-59 | C67: =INDIRECT("'" & B67 & "'!A7") -> 4 | D67: =INDIRECT("'" & B67 & "'!C7") -> 0 | E67: =INDIRECT("'" & B67 & "'!F7") -> 0 | F67: =INDIRECT("'" & B67 & "'!L7") -> 4 | G67: =INDIRECT("'" & B67 & "'!M7") -> 0 | H67: =INDIRECT("'" & B67 & "'!N7") -> 0 | I67: =INDIRECT("'" & B67 & "'!O7") -> 4
A68: 57 | B68: FE-60 | C68: =INDIRECT("'" & B68 & "'!A7") -> 5 | D68: =INDIRECT("'" & B68 & "'!C7") -> 0 | E68: =INDIRECT("'" & B68 & "'!F7") -> 0 | F68: =INDIRECT("'" & B68 & "'!L7") -> 1 | G68: =INDIRECT("'" & B68 & "'!M7") -> 4 | H68: =INDIRECT("'" & B68 & "'!N7") -> 0 | I68: =INDIRECT("'" & B68 & "'!O7") -> 5
A69: 58 | B69: FE-61 | C69: =INDIRECT("'" & B69 & "'!A7") -> 5 | D69: =INDIRECT("'" & B69 & "'!C7") -> 0 | E69: =INDIRECT("'" & B69 & "'!F7") -> 0 | F69: =INDIRECT("'" & B69 & "'!L7") -> 1 | G69: =INDIRECT("'" & B69 & "'!M7") -> 4 | H69: =INDIRECT("'" & B69 & "'!N7") -> 0 | I69: =INDIRECT("'" & B69 & "'!O7") -> 5
... A102: 91 | B102: FE-98 | C102: =INDIRECT("'" & B102 & "'!A7") -> 4 | D102: =INDIRECT("'" & B102 & "'!C7") -> 0 | E102: =INDIRECT("'" & B102 & "'!F7") -> 0 | F102: =INDIRECT("'" & B102 & "'!L7") -> 2 | G102: =INDIRECT("'" & B102 & "'!M7") -> 2 | H102: =INDIRECT("'" & B102 & "'!N7") -> 0 | I102: =INDIRECT("'" & B102 & "'!O7") -> 4
B103: Sub total | C103: =SUM(C10:C102) -> 630 | D103: =SUM(D10:D102) -> 0 | E103: =SUM(E10:E102) -> 0 | F103: =SUM(F10:F102) -> 286 | G103: =SUM(G10:G102) -> 349 | H103: =SUM(H10:H102) -> 0 | I103: =SUM(I10:I102) -> 630
B105: Test coverage | D105: =(C103+D103)*100/(I103) -> 100 | E105: %
B106: Test successful coverage | D106: =C103*100/(I103) -> 100 | E106: %
B107: Normal case | D107: =F103*100/I103 -> 45.396825 | E107: %
B108: Abnormal case | D108: =G103*100/I103 -> 55.396825 | E108: %
B109: Boundary case | D109: =H103*100/I103 -> 0 | E109: %

Sheet FE-01
A2: Function Code | C2: FE-01 | F2: Function Name | L2: FE-01_Sign in with Microsoft account & Google Account
A3: Created By | C3: BaoPG | F3: Executed By | L3: BaoPG
A4: Lines of code | C4: 250 | F4: Lack of test cases | L4: =IF(Functions!E6<>"N/A",SUM(C4*Functions!E6/1000,-O7),"N/A") -> 0
A5: Test requirement | C5: N/A
A6: Passed | C6: Failed | F6: Untested | L6: N/A/B | O6: Total Test Cases
A7: =COUNTIF(F47:HQ47,"P") -> 5 | C7: =COUNTIF(F47:HQ47,"F") -> 0 | F7: =SUM(O7,-A7,-C7) -> 0 | L7: =COUNTIF(E46:HQ46,"N") -> 1 | M7: =COUNTIF(E46:HQ46,"A") -> 4 | N7: =COUNTIF(E46:HQ46,"B") -> 0 | O7: =COUNTA(E9:HT9) -> 5
F9: UTCID01 | G9: UTCID02 | H9: UTCID03 | I9: UTCID04 | J9: UTCID05
A10: Condition | B10: Precondition
D12: Account have permission in the database | F12: O | J12: O
D13: Account don't have permission in the database | I13: O
B14: HTTP Method
D15: POST | F15: O | G15: O | H15: O | I15: O | J15: O
B16: API Endpoint
B17: api/user/login-with-account | F17: O | G17: O | H17: O | I17: O | J17: O
B19: Input
B20: Token
B21: Valid Token | F21: O | I21: O | J21: O
B22: Invalid Token | H22: O
D23: abcd | G23: O
A28: Confirm | B28: Return
D29: 200: Success | F29: O
D30: 400: Bad Request | G30: O
D31: 401: Unauthorized | H31: O
D32: 403: No Permission | I32: O
D33: 500: Internal Server Error | J33: O
B37: Exception
B39: Log message
B40: "User logged in successfully with a valid token" | F40: O
B41: "Failed to log in: Missing or invalid token format" | G41: O
B42: "Failed to log in: Invalid token" | H42: O
B43: "Failed to log in: Account does not have permission" | I43: O
B44: "Unexpected error occurred" | J44: O
A46: Result | B46: Type(N : Normal, A : Abnormal, B : Boundary) | F46: N | G46: A | H46: A | I46: A | J46: A
B47: Passed/Failed | F47: P | G47: P | H47: P | I47: P | J47: P
B48: Executed Date | F48: 45721 | G48: 45721 | H48: 45721 | I48: 45721 | J48: 45721
B49: Defect ID

Sheet FE-03
A2: Function Code | C2: FE-03 | F2: Function Name | L2: FE-03_[ZMP] Log in with zalo account
A3: Created By | C3: BaoPG | F3: Executed By | L3: BaoPG
A4: Lines of code | C4: 100 | F4: Lack of test cases | L4: =IF(Functions!E6<>"N/A",SUM(C4*Functions!E6/1000,-O7),"N/A") -> -3
A5: Test requirement | C5: N/A
A6: Passed | C6: Failed | F6: Untested | L6: N/A/B | O6: Total Test Cases
A7: =COUNTIF(F47:HQ47,"P") -> 5 | C7: =COUNTIF(F47:HQ47,"F") -> 0 | F7: =SUM(O7,-A7,-C7) -> 0 | L7: =COUNTIF(E46:HQ46,"N") -> 1 | M7: =COUNTIF(E46:HQ46,"A") -> 4 | N7: =COUNTIF(E46:HQ46,"B") -> 0 | O7: =COUNTA(E9:HT9) -> 5
F9: UTCID01 | G9: UTCID02 | H9: UTCID03 | I9: UTCID04 | J9: UTCID05
A10: Condition | B10: Precondition
D12: Account have permission in the database | F12: O | J12: O
D13: Account don't have permission in the database | I13: O
B14: HTTP Method
D15: POST | F15: O | G15: O | H15: O | I15: O | J15: O
B16: API Endpoint
B17: api/user/login-with-zalo | F17: O | G17: O | H17: O | I17: O | J17: O
B19: Input
B20: Token
B21: Valid Token | F21: O | I21: O | J21: O
B22: Invalid Token | H22: O
D23: abcd | G23: O
A28: Confirm | B28: Return
D29: 200: Success | F29: O
D30: 400: Bad Request | G30: O
D31: 401: Unauthorized | H31: O
D32: 403: No Permission | I32: O
D33: 500: Internal Server Error | J33: O
B37: Exception
B39: Log message
B40: "User logged in successfully with a valid token" | F40: O
B41: "Failed to log in: Missing or invalid token format" | G41: O
B42: "Failed to log in: Invalid token" | H42: O
B43: "Failed to log in: Account does not have permission" | I43: O
B44: "Unexpected error occurred" | J44: O
A46: Result | B46: Type(N : Normal, A : Abnormal, B : Boundary) | F46: N | G46: A | H46: A | I46: A | J46: A
B47: Passed/Failed | F47: P | G47: P | H47: P | I47: P | J47: P
B48: Executed Date | F48: 45721 | G48: 45721 | H48: 45721 | I48: 45721 | J48: 45721
B49: Defect ID

Sheet FE-05
A2: Function Code | C2: FE-05 | F2: Function Name | L2: FE-05_View the list of users on the system
A3: Created By | C3: AnhNN | F3: Executed By | L3: AnhNN
A4: Lines of code | C4: 100 | F4: Lack of test cases | L4: =IF(Functions!E6<>"N/A",SUM(C4*Functions!E6/1000,-O7),"N/A") -> -7
A5: Test requirement | C5: N/A
A6: Passed | C6: Failed | F6: Untested | L6: N/A/B | O6: Total Test Cases
A7: =COUNTIF(F48:HQ48,"P") -> 9 | C7: =COUNTIF(F48:HQ48,"F") -> 0 | F7: =SUM(O7,-A7,-C7) -> 0 | L7: =COUNTIF(E47:HQ47,"N") -> 5 | M7: =COUNTIF(E47:HQ47,"A") -> 4 | N7: =COUNTIF(E47:HQ47,"B") -> 0 | O7: =COUNTA(E9:HT9) -> 9
F9: UTCID01 | G9: UTCID02 | H9: UTCID03 | I9: UTCID04 | J9: UTCID05 | K9: UTCID06 | L9: UTCID07 | M9: UTCID08 | N9: UTCID09
A10: Condition | B10: Precondition
D11: Authorized | F11: O | G11: O | H11: O | I11: O | J11: O | K11: O | L11: O | N11: O
D12: At least 1 users records in the database | F12: O | G12: O | H12: O | I12: O | J12: O | K12: O | L12: O | M12: O
B14: HTTP Method
D15: GET | F15: O | G15: O | H15: O | I15: O | J15: O | K15: O | L15: O | M15: O | N15: O
B16: API Endpoint
B17: api/user | F17: O | M17: O
B18: api/user?PageNumber=0&PageSize=2 | G18: O | N18: O
B19: /api/user?name=phan gia bao | H19: O
B20: /api/user?PageNumber=0&PageSize=10&SortBy=FullName&SortOrder=1 | I20: O
B21: /api/user?PageNumber=-1 | G21: O | J21: O
B22: /api/user?PageSize=abc | K22: O
A28: Confirm | B28: Return
D29: 200: Success with 10 records | F29: O
D30: 200: Success with 20 records | G30: O
D31: 200: Success with records have name = "Phan Gia Bao" | H31: O
D32: 200: Success with 10 records is sorted | I32: O
D33: 200: Success with records have word "201" | J33: O
D34: 400: Bad Request | K34: O
D35: 403: No Permision | M35: O
D36: 404 : Not Found | N36: O
B38: Exception
B40: Log message
B41: "Get List of users successfully" | F41: O | G41: O | H41: O | I41: O | J41: O | K41: O
B42: "List of user not found" | N42: O
B43: "Invalid request parameters for getting list of user" | L43: O
B44: "User does not have permission to access the list of user" | M44: O
A47: Result | B47: Type(N : Normal, A : Abnormal, B : Boundary) | F47: N | G47: N | H47: N | I47: N | J47: N | K47: A | L47: A | M47: A | N47: A
B48: Passed/Failed | F48: P | G48: P | H48: P | I48: P | J48: P | K48: P | L48: P | M48: P | N48: P
B49: Executed Date | F49: 45780 | G49: 45780 | H49: 45780 | I49: 45780 | J49: 45780 | K49: 45780 | L49: 45780 | M49: 45780 | N49: 45780
B50: Defect ID

Sheet FE-06
A2: Function Code | C2: FE-06 | F2: Function Name | L2: FE-06_View and update user details
A3: Created By | C3: AnhNN | F3: Executed By | L3: AnhNN
A4: Lines of code | C4: 300 | F4: Lack of test cases | L4: =IF(Functions!E6<>"N/A",SUM(C4*Functions!E6/1000,-O7),"N/A") -> -1
A5: Test requirement | C5: N/A
A6: Passed | C6: Failed | F6: Untested | L6: N/A/B | O6: Total Test Cases
A7: =COUNTIF(F41:HQ41,"P") -> 7 | C7: =COUNTIF(F41:HQ41,"F") -> 0 | F7: =SUM(O7,-A7,-C7) -> 0 | L7: =COUNTIF(E40:HQ40,"N") -> 7 | M7: =COUNTIF(E40:HQ40,"A") -> 0 | N7: =COUNTIF(E40:HQ40,"B") -> 0 | O7: =COUNTA(E9:HT9) -> 7
F9: UTCID01 | G9: UTCID02 | H9: UTCID03 | I9: UTCID04 | J9: UTCID05 | K9: UTCID06 | L9: UTCID07
A10: Condition | B10: Precondition
D11: Authorized | F11: O | G11: O | H11: O | I11: O | K11: O | L11: O
B12: HTTP Method
D13: GET | F13: O | G13: O | H13: O | I13: O | J13: O | K13: O | L13: O
D14: PUT | F14: O | H14: O | I14: O | J14: O | K14: O
B15: API Endpoint
D16: api/user/{id} | F16: O | G16: O | H16: O | J16: O | K16: O
D17: api/user/999 | I17: O
D18: apii/user/{guid} | L18: O
B19: Input
D20: { "fullName": "Trần Phan Lan Anh", "email": "anhtpl@fe.edu.vn", "phoneNumber": "0964106456", "gender": "1", "departmentId": "4e56461e-8cea-4185-a83f-a8565380fbda", "role": "ADMIN" } | F20: O | I20: O | J20: O
D22: Role = 1 (Invalid parmenter) | K22: O | L22: O
D23: phone="0964106456" (existing) | G23: O
D24: email="anhtpl@fe.edu.vn" (existing) | H24: O
A26: Confirm | B26: Return
D27: 200 OK with updated user data | F27: O
D28: 404 Not Found | I28: O
D29: 400 Bad request | G29: O | H29: O | K29: O | L29: O
D30: 401 Unauthorized | J30: O
B31: Exception
B33: Log message
D34: Updated User successfully | F34: O
D35: Phone number already exists | G35: O
D36: Email already exists | H36: O
D37: "User dose not permission" | J37: O
D38: Not foun userId {userId} | L38: O
A40: Result | B40: Type(N : Normal, A : Abnormal, B : Boundary) | F40: N | G40: N | H40: N | I40: N | J40: N | K40: N | L40: N
B41: Passed/Failed | F41: P | G41: P | H41: P | I41: P | J41: P | K41: P | L41: P
B42: Executed Date | F42: 45780 | G42: 45780 | H42: 45780 | I42: 45780 | J42: 45780 | K42: 45780 | L42: 45780
B43: Defect ID

Sheet FE-07
A2: Function Code | C2: FE-07 | F2: Function Name | L2: FE-07_Add users with access to the system
A3: Created By | C3: AnhNN | F3: Executed By | L3: AnhNN
A4: Lines of code | C4: 300 | F4: Lack of test cases | L4: =IF(Functions!E6<>"N/A",SUM(C4*Functions!E6/1000,-O7),"N/A") -> 0
A5: Test requirement | C5: N/A
A6: Passed | C6: Failed | F6: Untested | L6: N/A/B | O6: Total Test Cases
A7: =COUNTIF(F50:HQ50,"P") -> 6 | C7: =COUNTIF(F50:HQ50,"F") -> 0 | F7: =SUM(O7,-A7,-C7) -> 0 | L7: =COUNTIF(E49:HQ49,"N") -> 6 | M7: =COUNTIF(E49:HQ49,"A") -> 0 | N7: =COUNTIF(E49:HQ49,"B") -> 0 | O7: =COUNTA(E9:HT9) -> 6
F9: UTCID01 | G9: UTCID02 | H9: UTCID03 | I9: UTCID04 | J9: UTCID05 | K9: UTCID06
A10: Condition | B10: Precondition
D11: Authorized | F11: O | G11: O | H11: O | I11: O | K11: O
B13: HTTP Method
D14: POST | F14: O | G14: O | H14: O | I14: O | J14: O | K14: O
B15: API Endpoint
D16: api/user | F16: O | G16: O | H16: O | I16: O | J16: O
D17: api/user/123 | K17: O
B18: Input
D21: { "fullName": "Nguyễn thị Hạnh", "email": "nhatanhkt0964106456@gmail.com", "departmentId": "4e56461e-8cea-4185-a83f-a8565380fbda", "role": "ADMIN", "phoneNumber": "0977693150", "gender": 1 } | F21: O | J21: O | K21: O
D23: { "fullName": "Nguyễn thị Hạnh", "email": "nguyennhatanh.dev6@gmail.com", "departmentId": "4e56461e-8cea-4185-a83f-a8565380fbda", "role": "ADMIN", "phoneNumber": "0977693150", "gender": 1 } | G23: O
D25: { "fullName": "Nguyễn thị Hạnh", "email": "nguyennhatanh.dev6@gmail.com", "departmentId": "4e56461e-8cea-4185-a83f-a8565380fbda", "role": "ADMIN", "phoneNumber": "0977693150", "gender": "Nữ } | H25: O
D27: { "fullName": "Nguyễn thị Hạnh", "email": "nhatanhkt0964106456@gmail.com", "departmentId": "4e56461e-8cea-4185-a83f-a8565380fbda", "role": "ADMIN", "phoneNumber": "0977693150", "gender": 1 } | I27: O
A32: Confirm | B32: Return
D33: 200 Created with user details | F33: O
D34: 400 Bad Request with error | H34: O
D35: 404 Not Found | K35: O
D36: 401 Unauthorized | J36: O
D37: 500 Internal Server error | G37: O | I37: O
D38: Username 'nhatanhkt0964106456' is already taken
D39: Phonenumber '0964106456' is already taken | G39: O
D40: Email 'nhatanhkt0964106456@gmail.com' is already taken
B41: Exception
B43: Log message
D44: "Create User succesfully" | F44: O
D45: "Username{userName} is already taken | I45: O
D46: Phonenumber {phoneNumber} is already taken | G46: O | I46: O
D47: Email {email} is already taken | I47: O
D48: "User does not permission" | J48: O
A49: Result | B49: Type(N : Normal, A : Abnormal, B : Boundary) | F49: N | G49: N | H49: N | I49: N | J49: N | K49: N
B50: Passed/Failed | F50: P | G50: P | H50: P | I50: P | J50: P | K50: P
B51: Executed Date | F51: 45765 | G51: 45765 | H51: 39140 | I51: 39141 | J51: 39142 | K51: 39143
B52: Defect ID

Sheet FE-08
A2: Function Code | C2: FE-08 | F2: Function Name | L2: FE-08_Lock user accounts
A3: Created By | C3: AnhNN | F3: Executed By | L3: AnhNN
A4: Lines of code | C4: 300 | F4: Lack of test cases | L4: =IF(Functions!E6<>"N/A",SUM(C4*Functions!E6/1000,-O7),"N/A") -> 1
A5: Test requirement | C5: N/A
A6: Passed | C6: Failed | F6: Untested | L6: N/A/B | O6: Total Test Cases
A7: =COUNTIF(F36:HQ36,"P") -> 5 | C7: =COUNTIF(F36:HQ36,"F") -> 0 | F7: =SUM(O7,-A7,-C7) -> 0 | L7: =COUNTIF(E35:HQ35,"N") -> 5 | M7: =COUNTIF(E35:HQ35,"A") -> 0 | N7: =COUNTIF(E35:HQ35,"B") -> 0 | O7: =COUNTA(E9:HT9) -> 5
F9: UTCID01 | G9: UTCID02 | H9: UTCID03 | I9: UTCID04 | J9: UTCID05
A10: Condition | B10: Precondition
D11: Authorized | F11: O | G11: O | I11: O | J11: O
D12: { "id": "08dd5a69-4ab7-458d-86f0-feb3abda9608" } | F12: O | G12: O | H12: O | I12: O
D13: { "id": "123456" } | J13: O
B14: HTTP Method
D15: POST | F15: O | G15: O | H15: O | I15: O | J15: O
B16: API Endpoint
D17: /api/user/lock | F17: O | H17: O | I17: O | J17: O
D18: /api/user/lock/999 | G18: O
A22: Confirm | B22: Return
D23: 200 OK | F23: O
D24: 404 Not Found | G24: O
D25: 401 Unauthorized | H25: O
D26: 500 Internal server error | I26: O
D27: 400 Bad request | J27: O
B28: Exception
D29: Not found user | I29: O
B30: Log message
D31: "Lock user Id {id}sucess" | F31: O
D32: "Lock user Id {id} failed"
D33: ""Not found user Id 08dd5a69-4ab7-458d-86f0-feb3abda9608 | I33: O
D34: "Invalid authorization" | H34: O
A35: Result | B35: Type(N : Normal, A : Abnormal, B : Boundary) | F35: N | G35: N | H35: N | I35: N | J35: N
B36: Passed/Failed | F36: P | G36: P | H36: P | I36: P | J36: P
B37: Executed Date | F37: 45780 | G37: 45780 | H37: 45780 | I37: 45780 | J37: 45780
B38: Defect ID

Sheet FE-09
A2: Function Code | C2: FE-09 | F2: Function Name | L2: FE-09_Import users using excel file
A3: Created By | C3: QuangTVD | F3: Executed By | L3: QuangTVD
A4: Lines of code | C4: 100 | F4: Lack of test cases | L4: =IF(Functions!E6<>"N/A",SUM(C4*Functions!E6/1000,-O7),"N/A") -> -1
A5: Test requirement | C5: N/A
A6: Passed | C6: Failed | F6: Untested | L6: N/A/B | O6: Total Test Cases
A7: =COUNTIF(F31:HQ31,"P") -> 3 | C7: =COUNTIF(F31:HQ31,"F") -> 0 | F7: =SUM(O7,-A7,-C7) -> 0 | L7: =COUNTIF(E30:HQ30,"N") -> 1 | M7: =COUNTIF(E30:HQ30,"A") -> 2 | N7: =COUNTIF(E30:HQ30,"B") -> 0 | O7: =COUNTA(E9:HT9) -> 3
F9: UTCID01 | G9: UTCID02 | H9: UTCID03
A10: Condition | B10: Precondition
D11: Authorized | F11: O | G11: O
B13: HTTP Method
D14: POST | F14: O | G14: O | H14: O
B15: API Endpoint
D16: /api/user/import | F16: O | G16: O | H16: O
B17: Input
B18: file
D19: Imported file follows the template | F19: O | H19: O
D20: Imported file does not follow the template | G20: O
A22: Confirm | B22: Return
D23: 200 Success | F23: O
D24: 400 Bad request | G24: O
D25: 401 Unauthorized | H25: O
B26: Log message
D27: Import successfully | F27: O
D28: Import failed: Invalid import file | G28: O
D29: Invalid authorization | H29: O
A30: Result | B30: Type(N : Normal, A : Abnormal, B : Boundary) | F30: N | G30: A | H30: A
B31: Passed/Failed | F31: P | G31: P | H31: P
B32: Executed Date | F32: 45757 | G32: 45757 | H32: 45757
B33: Defect ID

Sheet FE-10
A2: Function Code | C2: FE-10 | F2: Function Name | L2: FE-10_View list of departments
A3: Created By | C3: QuangTVD | F3: Executed By | L3: QuangTVD
A4: Lines of code | C4: 100 | F4: Lack of test cases | L4: =IF(Functions!E6<>"N/A",SUM(C4*Functions!E6/1000,-O7),"N/A") -> -4
A5: Test requirement | C5: N/A
A6: Passed | C6: Failed | F6: Untested | L6: N/A/B | O6: Total Test Cases
A7: =COUNTIF(F37:HQ37,"P") -> 6 | C7: =COUNTIF(F37:HQ37,"F") -> 0 | F7: =SUM(O7,-A7,-C7) -> 0 | L7: =COUNTIF(E36:HQ36,"N") -> 3 | M7: =COUNTIF(E36:HQ36,"A") -> 3 | N7: =COUNTIF(E36:HQ36,"B") -> 0 | O7: =COUNTA(E9:HT9) -> 6
F9: UTCID01 | G9: UTCID02 | H9: UTCID03 | I9: UTCID04 | J9: UTCID05 | K9: UTCID06
A10: Condition | B10: Precondition
D11: Authorized | F11: O | G11: O | H11: O | I11: O | J11: O
B12: UserRole=EXAMINER | F12: O | G12: O | H12: O | I12: O | J12: O
B13: HTTP Method
D14: GET | F14: O | G14: O | H14: O | I14: O | J14: O | K14: O
B15: API Endpoint
B16: api/departments | F16: O | K16: O
B17: api/departments?PageNumber=0&PageSize=20 | G17: O
B18: /api/departments?PageNumber=0&PageSize=10&SortBy=FullName&SortOrder=1 | H18: O
B19: /api/departments?PageNumber=-1 | I19: O | J19: O
B20: /api/departments?PageSize=abc
A22: Confirm | B22: Return
D23: 200: Success with 10 records | F23: O
D24: 200: Success with 20 records | G24: O
D25: 200: Success with 10 records is sorted | H25: O
D26: 400: Bad Request | I26: O | J26: O
D27: 401: Unauthorized | K27: O
D28: 404 : Not Found
B29: Log message
D30: Successfully get 10 records | F30: O | H30: O
D31: Successfully get 20 records | G31: O
D33: Invalid page number | I33: O
D34: Invalid page size | J34: O
D35: Unauthorized | K35: O
A36: Result | B36: Type(N : Normal, A : Abnormal, B : Boundary) | F36: N | G36: N | H36: N | I36: A | J36: A | K36: A
B37: Passed/Failed | F37: P | G37: P | H37: P | I37: P | J37: P | K37: P
B38: Executed Date | F38: 45757 | G38: 45757 | H38: 45757 | I38: 45757 | J38: 45757 | K38: 45757
B39: Defect ID

Sheet FE-11
A2: Function Code | C2: FE-11 | F2: Function Name | L2: FE-11_CRUD department
A3: Created By | C3: QuangTVD | F3: Executed By | L3: QuangTVD
A4: Lines of code | C4: 100 | F4: Lack of test cases | L4: =IF(Functions!E6<>"N/A",SUM(C4*Functions!E6/1000,-O7),"N/A") -> -13
A5: Test requirement | C5: N/A
A6: Passed | C6: Failed | F6: Untested | L6: N/A/B | O6: Total Test Cases
A7: =COUNTIF(F70:HQ70,"P") -> 15 | C7: =COUNTIF(F70:HQ70,"F") -> 0 | F7: =SUM(O7,-A7,-C7) -> 0 | L7: =COUNTIF(E69:HQ69,"N") -> 4 | M7: =COUNTIF(E69:HQ69,"A") -> 11 | N7: =COUNTIF(E69:HQ69,"B") -> 0 | O7: =COUNTA(E9:HT9) -> 15
F9: UTCID01 | G9: UTCID02 | H9: UTCID03 | I9: UTCID04 | J9: UTCID05 | K9: UTCID06 | L9: UTCID07 | M9: UTCID08 | N9: UTCID09 | O9: UTCID10 | P9: UTCID11 | Q9: UTCID12 | R9: UTCID13 | S9: UTCID14 | T9: UTCID15
A10: Condition | B10: Precondition
D11: Authorized | F11: O | G11: O | I11: O | J11: O | L11: O | M11: O | N11: O | P11: O | Q11: O | R11: O | T11: O
B12: User(id=1, fullName="Phan Gia Bao", email="BaoPG@nextexam.tech", phoneNumber="0905640120", gender="1", departmentId="16d3f8b4-e9ef-4a3e-af05-46f649761775", role="EXAMINER") | F12: O | G12: O | I12: O | J12: O | L12: O | M12: O | N12: O | P12: O | Q12: O | R12: O | T12: O
B13: Department with code "DEP_STUDENT_SERVICE" already existed | F13: O | G13: O | H13: O | I13: O | J13: O | K13: O | L13: O | M13: O | N13: O | O13: O | P13: O | Q13: O
B14: HTTP Method
D15: GET | F15: O | G15: O | H15: O
D16: POST | I16: O | J16: O | K16: O | L16: O
D17: PATCH | M17: O | N17: O | O17: O | P17: O | Q17: O
D18: DELETE | R18: O | S18: O | T18: O
B19: API Endpoint
B20: api/departments | I20: O | J20: O | K20: O | L20: O
B21: api/departments/{id} | F21: O | G21: O | H21: O | M21: O | N21: O | O21: O | P21: O | Q21: O | R21: O | S21: O | T21: O
B22: Input
B23: id
D24: {guid} | F24: O | H24: O | M24: O | Q24: O | R24: O | S24: O
B25: non-existed {guid} | G25: O | P25: O | T25: O
D26: "abc" | N26: O | O26: O
B27: code
D28: {null} | J28: O | N28: O | P28: O
D29: "DEP_IT" | I29: O | K29: O | M29: O | O29: O
C30: "DEP_STUDENT_SERVICE" | L30: O | Q30: O
B31: name
D32: {null} | M32: O | Q32: O
D33: "Phòng IT" | I33: O | J33: O | K33: O | L33: O | N33: O | O33: O | P33: O
B34: description
D35: {null} | I35: O | M35: O | N35: O | P35: O | Q35: O
B36: "Profession in supporting IT proplems" | J36: O | K36: O | L36: O | O36: O
A39: Confirm | B39: Return
D40: 200: Successfully get 1 record with the id {id} | F40: O
D41: 200: Create successfully | I41: O
D42: 200: Update successfully | M42: O
D43: 200: Dekete successfully | R43: O
D44: 400: Bad Request | G44: O | H44: O | J44: O | K44: O | L44: O | N44: O | P44: O | Q44: O | T44: O
D45: 401: Unauthorized | O45: O | S45: O
D46: 404 : Not Found
B47: Exception
B49: Message log
D50: "Successfully get department with id {id} | F50: O
D51: "Get department with {id} failed" | G51: O
B52: "User does not have permision to get department with id {id} | H52: O
D54: "Department created successfully" | I54: O
D55: "Failed to create department: Invalid request parameters" | J55: O
D56: "User does not have permission to create a department" | K56: O
B57: "Failed to create department: Department code '{code}' already exists" | L57: O
D59: "Department with ID {id} updated successfully" | M59: O
B60: "Failed to update department {id}: Invalid request parameters" | N60: O
D61: "User does not have permission to update department {id}" | O61: O
B62: "Failed to update department: Department with ID {id} not found" | P62: O
B63: "Failed to update department: Department code '{code}' already exists" | Q63: O
D65: "Department with ID {id} deleted successfully" | R65: O
D66: "User does not have permission to delete department {id}" | S66: O
B67: "Failed to delete department: Department with ID {id} not found" | T67: O
A69: Result | B69: Type(N : Normal, A : Abnormal, B : Boundary) | F69: N | G69: A | H69: A | I69: N | J69: A | K69: A | L69: A | M69: N | N69: A | O69: A | P69: A | Q69: A | R69: N | S69: A | T69: A
B70: Passed/Failed | F70: P | G70: P | H70: P | I70: P | J70: P | K70: P | L70: P | M70: P | N70: P | O70: P | P70: P | Q70: P | R70: P | S70: P | T70: P
B71: Executed Date | F71: 45757 | G71: 45757 | H71: 45757 | I71: 45757 | J71: 45757 | K71: 45757 | L71: 45757 | M71: 45757 | N71: 45757 | O71: 45757 | P71: 45757 | Q71: 45757 | R71: 45757 | S71: 45757 | T71: 45757
B72: Defect ID

Sheet FE-12
A2: Function Code | C2: FE-12 | F2: Function Name | L2: FE-12_View list of classrooms
A3: Created By | C3: BaoPG | F3: Executed By | L3: BaoPG
A4: Lines of code | C4: 100 | F4: Lack of test cases | L4: =IF(Functions!E6<>"N/A",SUM(C4*Functions!E6/1000,-O7),"N/A") -> -7
A5: Test requirement | C5: N/A
A6: Passed | C6: Failed | F6: Untested | L6: N/A/B | O6: Total Test Cases
A7: =COUNTIF(F48:HQ48,"P") -> 9 | C7: =COUNTIF(F48:HQ48,"F") -> 0 | F7: =SUM(O7,-A7,-C7) -> 0 | L7: =COUNTIF(E47:HQ47,"N") -> 6 | M7: =COUNTIF(E47:HQ47,"A") -> 3 | N7: =COUNTIF(E47:HQ47,"B") -> 0 | O7: =COUNTA(E9:HT9) -> 9
F9: UTCID01 | G9: UTCID02 | H9: UTCID03 | I9: UTCID04 | J9: UTCID05 | K9: UTCID06 | L9: UTCID07 | M9: UTCID08 | N9: UTCID09
A10: Condition | B10: Precondition
D11: Authorized | F11: O | G11: O | H11: O | I11: O | J11: O | K11: O | L11: O | N11: O
D12: At least 1 rooms records in the database | F12: O | G12: O | H12: O | I12: O | J12: O | K12: O | L12: O | M12: O
B14: HTTP Method
D15: GET | F15: O | G15: O | H15: O | I15: O | J15: O | K15: O | L15: O | M15: O | N15: O
B16: API Endpoint
B17: api/rooms | F17: O | M17: O
B18: api/rooms?PageNumber=0&PageSize=20 | G18: O | N18: O
B19: api/room?name=Alpha | H19: O
B20: api/room?building=2 | I20: O
B21: api/rooms/?SortBy=Name&SortOrder=1 | J21: O
B22: api/room?search=201 | K22: O
D24: api/rooms?PageNumber=0&PageSize=abcd | L24: O
A28: Confirm | B28: Return
D29: 200: Success with 10 records | F29: O
D30: 200: Success with 20 records | G30: O
D31: 200: Success with records have name = Alpha | H31: O
D32: 200: Success with records have building = Gamma | I32: O
D33: 200: Success with 10 records is sorted | J33: O
D34: 200: Success with records have word "201" | K34: O
D35: 400: Bad Request | L35: O
D36: 403: No Permision | M36: O
D37: 404 : Not Found | N37: O
B39: Exception
B41: Log message
D42: "Get List of Rooms successfully" | F42: O | G42: O | H42: O | I42: O | J42: O | K42: O
D43: "List of Rooms not found" | N43: O
D44: "Invalid request parameters for getting list of rooms" | L44: O
D45: "User does not have permission to access the list of rooms" | M45: O
A47: Result | B47: Type(N : Normal, A : Abnormal, B : Boundary) | F47: N | G47: N | H47: N | I47: N | J47: N | K47: N | L47: A | M47: A | N47: A
B48: Passed/Failed | F48: P | G48: P | H48: P | I48: P | J48: P | K48: P | L48: P | M48: P | N48: P
B49: Executed Date | F49: 45721 | G49: 45721 | H49: 45721 | I49: 45721 | J49: 45721 | K49: 39143 | L49: 39144 | M49: 39145 | N49: 45390
B50: Defect ID

Sheet FE-13
A2: Function Code | C2: FE-13 | F2: Function Name | L2: FE-13_CRUD classroom
A3: Created By | C3: BaoPG | F3: Executed By | L3: BaoPG
A4: Lines of code | C4: 100 | F4: Lack of test cases | L4: =IF(Functions!E6<>"N/A",SUM(C4*Functions!E6/1000,-O7),"N/A") -> -15
A5: Test requirement | C5: N/A
A6: Passed | C6: Failed | F6: Untested | L6: N/A/B | O6: Total Test Cases
A7: =COUNTIF(F68:HU68,"P") -> 17 | C7: =COUNTIF(F68:HU68,"F") -> 0 | F7: =SUM(O7,-A7,-C7) -> 0 | L7: =COUNTIF(E67:HU67,"N") -> 4 | M7: =COUNTIF(E67:HU67,"A") -> 13 | N7: =COUNTIF(E67:HU67,"B") -> 0 | O7: =COUNTA(E9:HX9) -> 17
F9: UTCID01 | G9: UTCID02 | H9: UTCID03 | I9: UTCID04 | J9: UTCID05 | K9: UTCID06 | L9: UTCID07 | M9: UTCID08 | N9: UTCID09 | O9: UTCID10 | P9: UTCID11 | Q9: UTCID12 | R9: UTCID13 | S9: UTCID14 | T9: UTCID15 | U9: UTCID16 | V9: UTCID17
A10: Condition | B10: Precondition
D11: Authorized | F11: O | G11: O | I11: O | J11: O | K11: O | L11: O | N11: O | O11: O | P11: O | R11: O | S11: O | T11: O | V11: O
D12: Classroom is already exist | F12: O | G12: O | H12: O | N12: O | O12: O | P12: O | Q12: O | S12: O | T12: O | U12: O
D13: Classroom is not exist | I13: O | J13: O | K13: O | L13: O | M13: O | R13: O | V13: O
D14: Classroom "Gamma 202" is already exist | S14: O
B15: HTTP Method
D16: GET | F16: O | G16: O | H16: O | I16: O
D17: POST | J17: O | K17: O | L17: O | M17: O | N17: O
D18: PATCH | O18: O | P18: O | Q18: O | R18: O | S18: O
D19: DELETE | T19: O | U19: O | V19: O
B20: API Endpoint
B21: api/rooms/:id | F21: O | G21: O | H21: O | I21: O | O21: O | Q21: O | R21: O | S21: O | T21: O | U21: O | V21: O
B22: api/rooms | J22: O | K22: O | L22: O | M22: O | N22: O
B24: Input
B25: id
B26: {guid} | F26: O | H26: O | I26: O | O26: O | Q26: O | R26: O | S26: O | T26: O | U26: O | V26: O
B27: abc | G27: O | P27: O
B28: name
D29: Gamma 201 | J29: O | L29: O | M29: O | N29: O | O29: O | P29: O | Q29: O | R29: O
D30: Gamma 1234567890 | K30: O
D31: Gamma 202 | S31: O
B32: building
D33: 2 | J33: O | K33: O | M33: O | N33: O | O33: O | P33: O | Q33: O | R33: O | S33: O
D34: gamma | L34: O
A36: Confirm | B36: Return
D37: 200: Success with 1 record have {id} | F37: O
D38: 200: Success | O38: O | T38: O
D39: 201: Created | J39: O
D40: 400: Bad Request | G40: O | K40: O | L40: O | P40: O
D41: 403: No Permision | H41: O | M41: O | Q41: O | U41: O
D42: 404 : Not Found | I42: O | R42: O | V42: O
D43: 409: Conflict | N43: O | S43: O
B44: Exception
B46: Log message
D47: "Room created successfully" | J47: O
D48: "Failed to create room: Invalid request parameters" | K48: O | L48: O
D49: "User does not have permission to create a room" | M49: O
D50: "Failed to create room: Room name '{name}' already exists" | N50: O
D52: "Room with ID {id} updated successfully" | O52: O
D53: "Failed to update room {id}: Invalid request parameters" | P53: O
D54: "User does not have permission to update room {id}" | Q54: O
D55: "Failed to update room: Room with ID {id} not found" | R55: O
D56: "Failed to update room: Room name '{name}' already exists" | S56: O
D58: "Room with ID {id} deleted successfully" | T58: O
D59: "User does not have permission to delete room {id}" | U59: O
D60: "Failed to delete room: Room with ID {id} not found" | V60: O
D62: "Retrieved room details for ID {id} successfully" | F62: O
D63: "Invalid request parameters for getting room {id}" | G63: O
D64: "User does not have permission to access room {id}" | H64: O
D65: "Room with ID {id} not found" | I65: O
A67: Result | B67: Type(N : Normal, A : Abnormal, B : Boundary) | F67: N | G67: A | H67: A | I67: A | J67: N | K67: A | L67: A | M67: A | N67: A | O67: N | P67: A | Q67: A | R67: A | S67: A | T67: N | U67: A | V67: A
B68: Passed/Failed | F68: P | G68: P | H68: P | I68: P | J68: P | K68: P | L68: P | M68: P | N68: P | O68: P | P68: P | Q68: P | R68: P | S68: P | T68: P | U68: P | V68: P
B69: Executed Date | F69: 45721 | G69: 45721 | H69: 45721 | I69: 45721 | J69: 45721 | K69: 45721 | L69: 45721 | M69: 45721 | N69: 45721 | O69: 45721 | P69: 45721 | Q69: 45721 | R69: 45721 | S69: 45721 | T69: 45721 | U69: 45721 | V69: 45721
B70: Defect ID

Sheet FE-14
A2: Function Code | C2: FE-14 | F2: Function Name | L2: FE-14_Import classroom via excel file
A3: Created By | C3: TuanND | F3: Executed By | L3: QuangTVD
A4: Lines of code | C4: 100 | F4: Lack of test cases | L4: =IF(Functions!E6<>"N/A",SUM(C4*Functions!E6/1000,-O7),"N/A") -> -1
A5: Test requirement | C5: N/A
A6: Passed | C6: Failed | F6: Untested | L6: N/A/B | O6: Total Test Cases
A7: =COUNTIF(F31:HQ31,"P") -> 3 | C7: =COUNTIF(F31:HQ31,"F") -> 0 | F7: =SUM(O7,-A7,-C7) -> 0 | L7: =COUNTIF(E30:HQ30,"N") -> 1 | M7: =COUNTIF(E30:HQ30,"A") -> 2 | N7: =COUNTIF(E30:HQ30,"B") -> 0 | O7: =COUNTA(E9:HT9) -> 3
F9: UTCID01 | G9: UTCID02 | H9: UTCID03
A10: Condition | B10: Precondition
D11: Authorized | F11: O | G11: O
B13: HTTP Method
D14: POST | F14: O | G14: O | H14: O
B15: API Endpoint
D16: /api/rooms/import | F16: O | G16: O | H16: O
B17: Input
B18: file
D19: Imported file follows the template | F19: O | H19: O
D20: Imported file does not follow the template | G20: O
A22: Confirm | B22: Return
D23: 200 Success | F23: O
D24: 400 Bad request | G24: O
D25: 401 Unauthorized | H25: O
B26: Log message
D27: Import successfully | F27: O
D28: Import failed: Invalid import file | G28: O
D29: Invalid authorization | H29: O
A30: Result | B30: Type(N : Normal, A : Abnormal, B : Boundary) | F30: N | G30: A | H30: A
B31: Passed/Failed | F31: P | G31: P | H31: P
B32: Executed Date | F32: 45757 | G32: 45757 | H32: 45757
B33: Defect ID

Sheet FE-15
A2: Function Code | C2: FE-15 | E2: Function Name | K2: FE-15_View list of students
A3: Created By | C3: TuanND | E3: Executed By | K3: TuanND
A4: Lines of code | C4: 100 | E4: Lack of test cases
A5: Test requirement | C5: N/A
A6: Passed | C6: Failed | E6: Untested | K6: N/A/B | N6: Total Test Cases
A7: =COUNTIF(E47:HP47,"P") -> 9 | C7: =COUNTIF(E47:HP47,"F") -> 0 | E7: =SUM(N7,-A7,-C7) -> 0 | K7: 6 | L7: 3 | M7: =COUNTIF(E35:HP35,"B") -> 0 | N7: =COUNTA(E9:HS9) -> 9
E9: UTCID01 | F9: UTCID02 | G9: UTCID03 | H9: UTCID04 | I9: UTCID05 | J9: UTCID06 | K9: UTCID07 | L9: UTCID08 | M9: UTCID09
A10: Condition | B10: Precondition
D11: Authorized | E11: O | F11: O | G11: O | H11: O | I11: O | J11: O | K11: O | M11: O
D12: At least 1 students records in the database | E12: O | F12: O | G12: O | H12: O | I12: O | J12: O | K12: O | L12: O
B14: HTTP Method
D15: GET | E15: O | F15: O | G15: O | H15: O | I15: O | J15: O | K15: O | L15: O | M15: O
B16: API Endpoint
B17: api/students | E17: O | L17: O
B18: api/students?PageNumber=0&PageSize=20 | F18: O | M18: O
B19: api/student?name=Alpha | G19: O
B20: api/student?building=2 | H20: O
B21: api/students/?SortBy=Name&SortOrder=1 | I21: O
B22: api/student?search=201 | J22: O
D23: api/students?PageNumber=0&PageSize=abcd | K23: O
A27: Confirm | B27: Return
D28: 200: Success with 10 records | E28: O
D29: 200: Success with 20 records | F29: O
D30: 200: Success with records have name = "Nguyễn Đình Tuấn" | G30: O
D31: 200: Success with records have code = DE170076 | H31: O
D32: 200: Success with 10 records is sorted | I32: O
D33: 200: Success with records have word "201" | J33: O
D34: 400: Bad Request | K34: O
D35: 403: No Permision | L35: O
D36: 404 : Not Found | M36: O
B38: Exception
B40: Log message
D41: "Get List of students successfully" | E41: O | F41: O | G41: O | H41: O | I41: O | J41: O
D42: "List of students not found" | M42: O
D43: "Invalid request parameters for getting list of students" | K43: O
D44: "User does not have permission to access the list of students" | L44: O
A46: Result | B46: Type(N : Normal, A : Abnormal, B : Boundary) | E46: N | F46: N | G46: N | H46: N | I46: N | J46: N | K46: A | L46: A | M46: A
B47: Passed/Failed | E47: P | F47: P | G47: P | H47: P | I47: P | J47: P | K47: P | L47: P | M47: P
B48: Executed Date | E48: 45721 | F48: 45721 | G48: 45721 | H48: 45721 | I48: 45721 | J48: 39143 | K48: 39144 | L48: 39145 | M48: 45390
B49: Defect ID

Sheet FE-16
A2: Function Code | C2: FE-16 | E2: Function Name | K2: FE-16_CRUD Student
A3: Created By | C3: TuanND | E3: Executed By | K3: TuanND
A4: Lines of code | C4: 100 | E4: Lack of test cases | K4: =IF(Functions!E6<>"N/A",SUM(C4*Functions!E6/1000,-N7),"N/A") -> -15
A5: Test requirement | C5: N/A
A6: Passed | C6: Failed | E6: Untested | K6: N/A/B | N6: Total Test Cases
A7: =COUNTIF(E65:HT65,"P") -> 17 | C7: =COUNTIF(E65:HT65,"F") -> 0 | E7: =SUM(N7,-A7,-C7) -> 0 | K7: =COUNTIF(E64:HT64,"N") -> 4 | L7: =COUNTIF(E64:HT64,"A") -> 13 | M7: =COUNTIF(E64:HT64,"B") -> 0 | N7: =COUNTA(E9:HW9) -> 17
E9: UTCID01 | F9: UTCID02 | G9: UTCID03 | H9: UTCID04 | I9: UTCID05 | J9: UTCID06 | K9: UTCID07 | L9: UTCID08 | M9: UTCID09 | N9: UTCID10 | O9: UTCID11 | P9: UTCID12 | Q9: UTCID13 | R9: UTCID14 | S9: UTCID15 | T9: UTCID16 | U9: UTCID17
A10: Condition | B10: Precondition
D11: Authorized | E11: O | F11: O | H11: O | I11: O | J11: O | K11: O | M11: O | N11: O | O11: O | Q11: O | R11: O | S11: O | U11: O
D12: student is already exist | E12: O | F12: O | G12: O | M12: O | N12: O | O12: O | P12: O | R12: O | S12: O | T12: O
D13: student is not exist | H13: O | I13: O | J13: O | K13: O | L13: O | Q13: O | U13: O
D14: student "de170076" is already exist | R14: O
B15: HTTP Method
D16: GET | E16: O | F16: O | G16: O | H16: O
D17: POST | I17: O | J17: O | K17: O | L17: O | M17: O
D18: PATCH | N18: O | O18: O | P18: O | Q18: O | R18: O
D19: DELETE | S19: O | T19: O | U19: O
B20: API Endpoint
B21: api/students/:id | E21: O | F21: O | G21: O | H21: O | N21: O | P21: O | Q21: O | R21: O | S21: O | T21: O | U21: O
B22: api/students | I22: O | J22: O | K22: O | L22: O | M22: O
B24: Input
B25: id
B26: {guid} | E26: O | G26: O | H26: O | N26: O | P26: O | Q26: O | R26: O | S26: O | T26: O | U26: O
B27: abc | F27: O | O27: O
B28: code
D29: de170076 | I29: O | K29: O | L29: O | M29: O | N29: O | O29: O | P29: O | Q29: O
D30: de99999 | J30: O
D31: de10 | R31: O
A33: Confirm | B33: Return
D34: 200: Success with 1 record have {id} | E34: O
D35: 200: Success | N35: O | S35: O
D36: 201: Created | I36: O
D37: 400: Bad Request | F37: O | J37: O | K37: O | O37: O
D38: 403: No Permision | G38: O | L38: O | P38: O | T38: O
D39: 404 : Not Found | H39: O | Q39: O | U39: O
D40: 409: Conflict | M40: O | R40: O
B41: Exception
B43: Log message
D44: "Student created successfully" | I44: O
D45: "Failed to create student: Invalid request parameters" | J45: O | K45: O
D46: "User does not have permission to create a student" | L46: O
D47: "Failed to create student: Student name '{name}' already exists" | M47: O
D49: "Student with ID {id} updated successfully" | N49: O
D50: "Failed to update student {id}: Invalid request parameters" | O50: O
D51: "User does not have permission to update student {id}" | P51: O
D52: "Failed to update student: Student with ID {id} not found" | Q52: O
D53: "Failed to update student: Student name '{name}' already exists" | R53: O
D55: "Student with ID {id} deleted successfully" | S55: O
D56: "User does not have permission to delete student {id}" | T56: O
D57: "Failed to delete student: Student with ID {id} not found" | U57: O
D59: "Retrieved student details for ID {id} successfully" | E59: O
D60: "Invalid request parameters for getting student {id}" | F60: O
D61: "User does not have permission to access student {id}" | G61: O
D62: "Student with ID {id} not found" | H62: O
A64: Result | B64: Type(N : Normal, A : Abnormal, B : Boundary) | E64: N | F64: A | G64: A | H64: A | I64: N | J64: A | K64: A | L64: A | M64: A | N64: N | O64: A | P64: A | Q64: A | R64: A | S64: N | T64: A | U64: A
B65: Passed/Failed | E65: P | F65: P | G65: P | H65: P | I65: P | J65: P | K65: P | L65: P | M65: P | N65: P | O65: P | P65: P | Q65: P | R65: P | S65: P | T65: P | U65: P
B66: Executed Date | E66: 45721 | F66: 45721 | G66: 45721 | H66: 45721 | I66: 45721 | J66: 39143 | K66: 39144 | L66: 39145 | M66: 45390 | N66: 45390 | O66: 45390 | P66: 45390 | Q66: 45390 | R66: 45390 | S66: 45390 | T66: 45390 | U66: 45390
B67: Defect ID

Sheet FE-17
A2: Function Code | C2: FE-17 | F2: Function Name | L2: FE-17_Import students via excel file
A3: Created By | C3: TuanND | F3: Executed By | L3: TuanND
A4: Lines of code | C4: 100 | F4: Lack of test cases | L4: =IF(Functions!E6<>"N/A",SUM(C4*Functions!E6/1000,-O7),"N/A") -> -1
A5: Test requirement | C5: N/A
A6: Passed | C6: Failed | F6: Untested | L6: N/A/B | O6: Total Test Cases
A7: =COUNTIF(F31:HQ31,"P") -> 3 | C7: =COUNTIF(F31:HQ31,"F") -> 0 | F7: =SUM(O7,-A7,-C7) -> 0 | L7: =COUNTIF(E30:HQ30,"N") -> 1 | M7: =COUNTIF(E30:HQ30,"A") -> 2 | N7: =COUNTIF(E30:HQ30,"B") -> 0 | O7: =COUNTA(E9:HT9) -> 3
F9: UTCID01 | G9: UTCID02 | H9: UTCID03
A10: Condition | B10: Precondition
D11: Authorized | F11: O | G11: O
B13: HTTP Method
D14: POST | F14: O | G14: O | H14: O
B15: API Endpoint
D16: /api/students/import | F16: O | G16: O | H16: O
B17: Input
B18: file
D19: Imported file follows the template | F19: O | H19: O
D20: Imported file does not follow the template | G20: O
A22: Confirm | B22: Return
D23: 200 Success | F23: O
D24: 400 Bad request | G24: O
D25: 401 Unauthorized | H25: O
B26: Log message
D27: Import successfully | F27: O
D28: Import failed: Invalid import file | G28: O
D29: Invalid authorization | H29: O
A30: Result | B30: Type(N : Normal, A : Abnormal, B : Boundary) | F30: N | G30: A | H30: A
B31: Passed/Failed | F31: P | G31: P | H31: P
B32: Executed Date | F32: 45757 | G32: 45757 | H32: 45757
B33: Defect ID

Sheet FE-18
A2: Function Code | C2: FE-18 | E2: Function Name | K2: FE-18_View list of subjects
A3: Created By | C3: TuanND | E3: Executed By | K3: TuanND
A4: Lines of code | C4: 100 | E4: Lack of test cases
A5: Test requirement | C5: N/A
A6: Passed | C6: Failed | E6: Untested | K6: N/A/B | N6: Total Test Cases
A7: =COUNTIF(E47:HP47,"P") -> 9 | C7: =COUNTIF(E47:HP47,"F") -> 0 | E7: =SUM(N7,-A7,-C7) -> 0 | K7: 6 | L7: 3 | M7: =COUNTIF(E35:HP35,"B") -> 0 | N7: =COUNTA(E9:HS9) -> 9
E9: UTCID01 | F9: UTCID02 | G9: UTCID03 | H9: UTCID04 | I9: UTCID05 | J9: UTCID06 | K9: UTCID07 | L9: UTCID08 | M9: UTCID09
A10: Condition | B10: Precondition
D11: Authorized | E11: O | F11: O | G11: O | H11: O | I11: O | J11: O | K11: O | M11: O
D12: At least 1 courses records in the database | E12: O | F12: O | G12: O | H12: O | I12: O | J12: O | K12: O | L12: O
B14: HTTP Method
D15: GET | E15: O | F15: O | G15: O | H15: O | I15: O | J15: O | K15: O | L15: O | M15: O
B16: API Endpoint
B17: api/courses | E17: O | L17: O
B18: api/courses?PageNumber=0&PageSize=20 | F18: O | M18: O
B19: api/course?name=Alpha | G19: O
B20: api/course?building=2 | H20: O
B21: api/courses/?SortBy=Name&SortOrder=1 | I21: O
B22: api/course?search=201 | J22: O
D23: api/courses?PageNumber=0&PageSize=abcd | K23: O
A27: Confirm | B27: Return
D28: 200: Success with 10 records | E28: O
D29: 200: Success with 20 records | F29: O
D30: 200: Success with records have name = "Toán cao cấp" | G30: O
D31: 200: Success with records have code = MAE101 | H31: O
D32: 200: Success with 10 records is sorted | I32: O
D33: 200: Success with records have word "201" | J33: O
D34: 400: Bad Request | K34: O
D35: 403: No Permision | L35: O
D36: 404 : Not Found | M36: O
B38: Exception
B40: Log message
D41: "Get List of courses successfully" | E41: O | F41: O | G41: O | H41: O | I41: O | J41: O
D42: "List of courses not found" | M42: O
D43: "Invalid request parameters for getting list of courses" | K43: O
D44: "User does not have permission to access the list of courses" | L44: O
A46: Result | B46: Type(N : Normal, A : Abnormal, B : Boundary) | E46: N | F46: N | G46: N | H46: N | I46: N | J46: N | K46: A | L46: A | M46: A
B47: Passed/Failed | E47: P | F47: P | G47: P | H47: P | I47: P | J47: P | K47: P | L47: P | M47: P
B48: Executed Date | E48: 45721 | F48: 45721 | G48: 45721 | H48: 45721 | I48: 45721 | J48: 39143 | K48: 39144 | L48: 39145 | M48: 45390
B49: Defect ID

Sheet FE-19
A2: Function Code | C2: FE-19 | E2: Function Name | K2: FE-19_CRUD subjects
A3: Created By | C3: TuanND | E3: Executed By | K3: TuanND
A4: Lines of code | C4: 100 | E4: Lack of test cases | K4: =IF(Functions!E6<>"N/A",SUM(C4*Functions!E6/1000,-N7),"N/A") -> -15
A5: Test requirement | C5: N/A
A6: Passed | C6: Failed | E6: Untested | K6: N/A/B | N6: Total Test Cases
A7: =COUNTIF(E65:HT65,"P") -> 17 | C7: =COUNTIF(E65:HT65,"F") -> 0 | E7: =SUM(N7,-A7,-C7) -> 0 | K7: =COUNTIF(E64:HT64,"N") -> 4 | L7: =COUNTIF(E64:HT64,"A") -> 13 | M7: =COUNTIF(E64:HT64,"B") -> 0 | N7: =COUNTA(E9:HW9) -> 17
E9: UTCID01 | F9: UTCID02 | G9: UTCID03 | H9: UTCID04 | I9: UTCID05 | J9: UTCID06 | K9: UTCID07 | L9: UTCID08 | M9: UTCID09 | N9: UTCID10 | O9: UTCID11 | P9: UTCID12 | Q9: UTCID13 | R9: UTCID14 | S9: UTCID15 | T9: UTCID16 | U9: UTCID17
A10: Condition | B10: Precondition
D11: Authorized | E11: O | F11: O | H11: O | I11: O | J11: O | K11: O | M11: O | N11: O | O11: O | Q11: O | R11: O | S11: O | U11: O
D12: course is already exist | E12: O | F12: O | G12: O | M12: O | N12: O | O12: O | P12: O | R12: O | S12: O | T12: O
D13: course is not exist | H13: O | I13: O | J13: O | K13: O | L13: O | Q13: O | U13: O
D14: course "MAE101" is already exist | R14: O
B15: HTTP Method
D16: GET | E16: O | F16: O | G16: O | H16: O
D17: POST | I17: O | J17: O | K17: O | L17: O | M17: O
D18: PATCH | N18: O | O18: O | P18: O | Q18: O | R18: O
D19: DELETE | S19: O | T19: O | U19: O
B20: API Endpoint
B21: api/courses/:id | E21: O | F21: O | G21: O | H21: O | N21: O | P21: O | Q21: O | R21: O | S21: O | T21: O | U21: O
B22: api/courses | I22: O | J22: O | K22: O | L22: O | M22: O
B24: Input
B25: id
B26: {guid} | E26: O | G26: O | H26: O | N26: O | P26: O | Q26: O | R26: O | S26: O | T26: O | U26: O
B27: abc | F27: O | O27: O
B28: code
D29: MAE101 | I29: O | K29: O | L29: O | M29: O | N29: O | O29: O | P29: O | Q29: O
D30: MAE101 00000 | J30: O
D31: MAE102 | R31: O
A33: Confirm | B33: Return
D34: 200: Success with 1 record have {id} | E34: O
D35: 200: Success | N35: O | S35: O
D36: 201: Created | I36: O
D37: 400: Bad Request | F37: O | J37: O | K37: O | O37: O
D38: 403: No Permision | G38: O | L38: O | P38: O | T38: O
D39: 404 : Not Found | H39: O | Q39: O | U39: O
D40: 409: Conflict | M40: O | R40: O
B41: Exception
B43: Log message
D44: "Course created successfully" | I44: O
D45: "Failed to create course: Invalid request parameters" | J45: O | K45: O
D46: "User does not have permission to create a course" | L46: O
D47: "Failed to create course: Course name '{name}' already exists" | M47: O
D49: "Course with ID {id} updated successfully" | N49: O
D50: "Failed to update course {id}: Invalid request parameters" | O50: O
D51: "User does not have permission to update course {id}" | P51: O
D52: "Failed to update course: Course with ID {id} not found" | Q52: O
D53: "Failed to update course: Course name '{name}' already exists" | R53: O
D55: "Course with ID {id} deleted successfully" | S55: O
D56: "User does not have permission to delete course {id}" | T56: O
D57: "Failed to delete course: Course with ID {id} not found" | U57: O
D59: "Retrieved course details for ID {id} successfully" | E59: O
D60: "Invalid request parameters for getting course {id}" | F60: O
D61: "User does not have permission to access course {id}" | G61: O
D62: "Course with ID {id} not found" | H62: O
A64: Result | B64: Type(N : Normal, A : Abnormal, B : Boundary) | E64: N | F64: A | G64: A | H64: A | I64: N | J64: A | K64: A | L64: A | M64: A | N64: N | O64: A | P64: A | Q64: A | R64: A | S64: N | T64: A | U64: A
B65: Passed/Failed | E65: P | F65: P | G65: P | H65: P | I65: P | J65: P | K65: P | L65: P | M65: P | N65: P | O65: P | P65: P | Q65: P | R65: P | S65: P | T65: P | U65: P
B66: Executed Date | E66: 45721 | F66: 45721 | G66: 45721 | H66: 45721 | I66: 45721 | J66: 39143 | K66: 39144 | L66: 39145 | M66: 45390 | N66: 45390 | O66: 45390 | P66: 45390 | Q66: 45390 | R66: 45390 | S66: 45390 | T66: 45390 | U66: 45390
B67: Defect ID

Sheet FE-20
A2: Function Code | C2: FE-20 | F2: Function Name | L2: FE-20_Import subjects via excel file
A3: Created By | C3: TuanND | F3: Executed By | L3: TuanND
A4: Lines of code | C4: 100 | F4: Lack of test cases | L4: =IF(Functions!E6<>"N/A",SUM(C4*Functions!E6/1000,-O7),"N/A") -> -1
A5: Test requirement | C5: N/A
A6: Passed | C6: Failed | F6: Untested | L6: N/A/B | O6: Total Test Cases
A7: =COUNTIF(F37:HU37,"P") -> 3 | C7: =COUNTIF(F37:HU37,"F") -> 0 | F7: =SUM(O7,-A7,-C7) -> 0 | L7: =COUNTIF(E36:HU36,"N") -> 1 | M7: =COUNTIF(E36:HU36,"A") -> 2 | N7: =COUNTIF(E36:HU36,"B") -> 0 | O7: =COUNTA(E9:HX9) -> 3
F9: UTCID01 | G9: UTCID02 | H9: UTCID03
A10: Condition | B10: Precondition
D11: Authorized | F11: O | G11: O
D12: File is follow template | F12: O | H12: O
D13: File is not follow template | G13: O
B15: HTTP Method
D16: POST | F16: O | G16: O | H16: O
B18: API Endpoint
B19: api/courses/import | F19: O | G19: O | H19: O
A23: Confirm | B23: Return
D24: 200: Success | F24: O
D25: 400: Bad Request | G25: O
D26: 403: No Permision | H26: O
B29: Exception
B31: Log message
D32: "Course imported successfully" | F32: O
D33: "Failed to import course: Invalid request file" | G33: O
D34: "User does not have permission to import courses" | H34: O
A36: Result | B36: Type(N : Normal, A : Abnormal, B : Boundary) | F36: N | G36: A | H36: A
B37: Passed/Failed | F37: P | G37: P | H37: P
B38: Executed Date | F38: 45721 | G38: 45721 | H38: 45721
B39: Defect ID

Sheet FE-21
A2: Function Code | C2: FE-21 | E2: Function Name | K2: FE-21_View list of exam types
A3: Created By | C3: BaoPG | E3: Executed By | K3: BaoPG
A4: Lines of code | C4: 100 | E4: Lack of test cases
A5: Test requirement | C5: N/A
A6: Passed | C6: Failed | E6: Untested | K6: N/A/B | N6: Total Test Cases
A7: =COUNTIF(E47:HP47,"P") -> 9 | C7: =COUNTIF(E36:HP36,"F") -> 0 | E7: =SUM(N7,-A7,-C7) -> 0 | K7: =COUNTIF(E46:HP46,"N") -> 6 | L7: =COUNTIF(E46:HP46,"A") -> 3 | M7: =COUNTIF(E46:HP46,"B") -> 0 | N7: =COUNTA(E9:HS9) -> 9
E9: UTCID01 | F9: UTCID02 | G9: UTCID03 | H9: UTCID04 | I9: UTCID05 | J9: UTCID06 | K9: UTCID07 | L9: UTCID08 | M9: UTCID09
A10: Condition | B10: Precondition
D11: Authorized | E11: O | F11: O | G11: O | H11: O | I11: O | J11: O | K11: O | M11: O
D12: At least 1 exam-types records in the database | E12: O | F12: O | G12: O | H12: O | I12: O | J12: O | K12: O | L12: O
B14: HTTP Method
D15: GET | E15: O | F15: O | G15: O | H15: O | I15: O | J15: O | K15: O | L15: O | M15: O
B16: API Endpoint
B17: api/exam-types | E17: O | L17: O
B18: api/exam-types?PageNumber=0&PageSize=20 | F18: O | M18: O
B19: api/exam-type?code=FE | G19: O
B20: api/exam-type?description="retake" | H20: O
B21: api/exam-types/?SortBy=code&SortOrder=1 | I21: O
B22: api/exam-type?search=201 | J22: O
D23: api/exam-types?PageNumber=0&PageSize=abcd | K23: O
A27: Confirm | B27: Return
D28: 200: Success with 10 records | E28: O
D29: 200: Success with 20 records | F29: O
D30: 200: Success with records have code = "FE" | G30: O
D31: 200: Success with records have code = FE | H31: O
D32: 200: Success with 10 records is sorted | I32: O
D33: 200: Success with records have word "201" | J33: O
D34: 400: Bad Request | K34: O
D35: 403: No Permision | L35: O
D36: 404 : Not Found | M36: O
B38: Exception
B40: Log message
D41: "Get List of exam-types successfully" | E41: O | F41: O | G41: O | H41: O | I41: O | J41: O
D42: "List of exam-types not found" | M42: O
D43: "Invalid request parameters for getting list of exam-types" | K43: O
D44: "User does not have permission to access the list of exam-types" | L44: O
A46: Result | B46: Type(N : Normal, A : Abnormal, B : Boundary) | E46: N | F46: N | G46: N | H46: N | I46: N | J46: N | K46: A | L46: A | M46: A
B47: Passed/Failed | E47: P | F47: P | G47: P | H47: P | I47: P | J47: P | K47: P | L47: P | M47: P
B48: Executed Date | E48: 45721 | F48: 45721 | G48: 45721 | H48: 45721 | I48: 45721 | J48: 39143 | K48: 39144 | L48: 39145 | M48: 45390
B49: Defect ID

Sheet FE-22
A2: Function Code | C2: FE-22 | E2: Function Name | K2: FE-22_CRUD exam type
A3: Created By | C3: BaoPG | E3: Executed By | K3: BaoPG
A4: Lines of code | C4: 100 | E4: Lack of test cases | K4: =IF(Functions!E6<>"N/A",SUM(C4*Functions!E6/1000,-N7),"N/A") -> -15
A5: Test requirement | C5: N/A
A6: Passed | C6: Failed | E6: Untested | K6: N/A/B | N6: Total Test Cases
A7: =COUNTIF(E65:HT65,"P") -> 17 | C7: =COUNTIF(E65:HT65,"F") -> 0 | E7: =SUM(N7,-A7,-C7) -> 0 | K7: =COUNTIF(E64:HT64,"N") -> 4 | L7: =COUNTIF(E64:HT64,"A") -> 13 | M7: =COUNTIF(E64:HT64,"B") -> 0 | N7: =COUNTA(E9:HW9) -> 17
E9: UTCID01 | F9: UTCID02 | G9: UTCID03 | H9: UTCID04 | I9: UTCID05 | J9: UTCID06 | K9: UTCID07 | L9: UTCID08 | M9: UTCID09 | N9: UTCID10 | O9: UTCID11 | P9: UTCID12 | Q9: UTCID13 | R9: UTCID14 | S9: UTCID15 | T9: UTCID16 | U9: UTCID17
A10: Condition | B10: Precondition
D11: Authorized | E11: O | F11: O | H11: O | I11: O | J11: O | K11: O | M11: O | N11: O | O11: O | Q11: O | R11: O | S11: O | U11: O
D12: exam-type is already exist | E12: O | F12: O | G12: O | N12: O | O12: O | P12: O | R12: O | S12: O | T12: O
D13: exam-type is not exist | H13: O | I13: O | J13: O | K13: O | L13: O | Q13: O | U13: O
D14: exam-type "FE" is already exist | M14: O | R14: O
B15: HTTP Method
D16: GET | E16: O | F16: O | G16: O | H16: O
D17: POST | I17: O | J17: O | K17: O | L17: O | M17: O
D18: PATCH | N18: O | O18: O | P18: O | Q18: O | R18: O
D19: DELETE | S19: O | T19: O | U19: O
B20: API Endpoint
B21: api/exam-types/:id | E21: O | F21: O | G21: O | H21: O | N21: O | P21: O | Q21: O | R21: O | S21: O | T21: O | U21: O
B22: api/exam-types | I22: O | J22: O | K22: O | L22: O | M22: O
B24: Input
B25: id
B26: {guid} | E26: O | G26: O | H26: O | N26: O | P26: O | Q26: O | R26: O | S26: O | T26: O | U26: O
B27: abc | F27: O | O27: O
B28: code
D29: 2NDFE | I29: O | K29: O | L29: O | M29: O | N29: O | O29: O | P29: O | Q29: O
D30: de99999 | J30: O
D31: de10 | R31: O
A33: Confirm | B33: Return
D34: 200: Success with 1 record have {id} | E34: O
D35: 200: Success | N35: O | S35: O
D36: 201: Created | I36: O
D37: 400: Bad Request | F37: O | J37: O | K37: O | O37: O
D38: 403: No Permision | G38: O | L38: O | P38: O | T38: O
D39: 404 : Not Found | H39: O | Q39: O | U39: O
D40: 409: Conflict | M40: O | R40: O
B41: Exception
B43: Log message
D44: "exam-type created successfully" | I44: O
D45: "Failed to create exam-type: Invalid request parameters" | J45: O | K45: O
D46: "User does not have permission to create a exam-type" | L46: O
D47: "Failed to create exam-type: exam-type name '{name}' already exists" | M47: O
D49: "exam-type with ID {id} updated successfully" | N49: O
D50: "Failed to update exam-type {id}: Invalid request parameters" | O50: O
D51: "User does not have permission to update exam-type {id}" | P51: O
D52: "Failed to update exam-type: exam-type with ID {id} not found" | Q52: O
D53: "Failed to update exam-type: exam-type name '{name}' already exists" | R53: O
D55: "exam-type with ID {id} deleted successfully" | S55: O
D56: "User does not have permission to delete exam-type {id}" | T56: O
D57: "Failed to delete exam-type: exam-type with ID {id} not found" | U57: O
D59: "Retrieved exam-type details for ID {id} successfully" | E59: O
D60: "Invalid request parameters for getting exam-type {id}" | F60: O
D61: "User does not have permission to access exam-type {id}" | G61: O
D62: "exam-type with ID {id} not found" | H62: O
A64: Result | B64: Type(N : Normal, A : Abnormal, B : Boundary) | E64: N | F64: A | G64: A | H64: A | I64: N | J64: A | K64: A | L64: A | M64: A | N64: N | O64: A | P64: A | Q64: A | R64: A | S64: N | T64: A | U64: A
B65: Passed/Failed | E65: P | F65: P | G65: P | H65: P | I65: P | J65: P | K65: P | L65: P | M65: P | N65: P | O65: P | P65: P | Q65: P | R65: P | S65: P | T65: P | U65: P
B66: Executed Date | E66: 45721 | F66: 45721 | G66: 45721 | H66: 45721 | I66: 45721 | J66: 39143 | K66: 39144 | L66: 39145 | M66: 45390 | N66: 45390 | O66: 45390 | P66: 45390 | Q66: 45390 | R66: 45390 | S66: 45390 | T66: 45390 | U66: 45390
B67: Defect ID

Sheet FE-23
A2: Function Code | C2: FE-23 | E2: Function Name | K2: FE-23_View list of exam formats
A3: Created By | C3: TuanND | E3: Executed By | K3: TuanND
A4: Lines of code | C4: 100 | E4: Lack of test cases
A5: Test requirement | C5: N/A
A6: Passed | C6: Failed | E6: Untested | K6: N/A/B | N6: Total Test Cases
A7: 9 | C7: =COUNTIF(E36:HP36,"F") -> 0 | E7: =SUM(N7,-A7,-C7) -> 0 | K7: 6 | L7: 3 | M7: =COUNTIF(E35:HP35,"B") -> 0 | N7: =COUNTA(E9:HS9) -> 9
E9: UTCID01 | F9: UTCID02 | G9: UTCID03 | H9: UTCID04 | I9: UTCID05 | J9: UTCID06 | K9: UTCID07 | L9: UTCID08 | M9: UTCID09
A10: Condition | B10: Precondition
D11: Authorized | E11: O | F11: O | G11: O | H11: O | I11: O | J11: O | K11: O | M11: O
D12: At least 1 exam-formats records in the database | E12: O | F12: O | G12: O | H12: O | I12: O | J12: O | K12: O | L12: O
B14: HTTP Method
D15: GET | E15: O | F15: O | G15: O | H15: O | I15: O | J15: O | K15: O | L15: O | M15: O
B16: API Endpoint
B17: api/exam-formats | E17: O | L17: O
B18: api/exam-formats?PageNumber=0&PageSize=20 | F18: O | M18: O
B19: api/exam-format?code=FE | G19: O
B20: api/exam-format?description="retake" | H20: O
B21: api/exam-formats/?SortBy=code&SortOrder=1 | I21: O
B22: api/exam-format?search=201 | J22: O
D23: api/exam-formats?PageNumber=0&PageSize=abcd | K23: O
A27: Confirm | B27: Return
D28: 200: Success with 10 records | E28: O
D29: 200: Success with 20 records | F29: O
D30: 200: Success with records have code = "FE" | G30: O
D31: 200: Success with records have code = FE | H31: O
D32: 200: Success with 10 records is sorted | I32: O
D33: 200: Success with records have word "201" | J33: O
D34: 400: Bad Request | K34: O
D35: 403: No Permision | L35: O
D36: 404 : Not Found | M36: O
B38: Exception
B40: Log message
D41: "Get List of exam-formats successfully" | E41: O | F41: O | G41: O | H41: O | I41: O | J41: O
D42: "List of exam-formats not found" | M42: O
D43: "Invalid request parameters for getting list of exam-formats" | K43: O
D44: "User does not have permission to access the list of exam-formats" | L44: O
A46: Result | B46: Type(N : Normal, A : Abnormal, B : Boundary) | E46: N | F46: N | G46: N | H46: N | I46: N | J46: N | K46: A | L46: A | M46: A
B47: Passed/Failed | E47: P | F47: P | G47: P | H47: P | I47: P | J47: P | K47: P | L47: P | M47: P
B48: Executed Date | E48: 45721 | F48: 45721 | G48: 45721 | H48: 45721 | I48: 45721 | J48: 39143 | K48: 39144 | L48: 39145 | M48: 45390
B49: Defect ID

Sheet FE-24
A2: Function Code | C2: FE-24 | E2: Function Name | K2: FE-24_CRUD exam format
A3: Created By | C3: TuanND | E3: Executed By | K3: TuanND
A4: Lines of code | C4: 100 | E4: Lack of test cases | K4: =IF(Functions!E6<>"N/A",SUM(C4*Functions!E6/1000,-N7),"N/A") -> -15
A5: Test requirement | C5: N/A
A6: Passed | C6: Failed | E6: Untested | K6: N/A/B | N6: Total Test Cases
A7: =COUNTIF(E65:HT65,"P") -> 17 | C7: =COUNTIF(E65:HT65,"F") -> 0 | E7: =SUM(N7,-A7,-C7) -> 0 | K7: =COUNTIF(E64:HT64,"N") -> 4 | L7: =COUNTIF(E64:HT64,"A") -> 13 | M7: =COUNTIF(E64:HT64,"B") -> 0 | N7: =COUNTA(E9:HW9) -> 17
E9: UTCID01 | F9: UTCID02 | G9: UTCID03 | H9: UTCID04 | I9: UTCID05 | J9: UTCID06 | K9: UTCID07 | L9: UTCID08 | M9: UTCID09 | N9: UTCID10 | O9: UTCID11 | P9: UTCID12 | Q9: UTCID13 | R9: UTCID14 | S9: UTCID15 | T9: UTCID16 | U9: UTCID17
A10: Condition | B10: Precondition
D11: Authorized | E11: O | F11: O | H11: O | I11: O | J11: O | K11: O | M11: O | N11: O | O11: O | Q11: O | R11: O | S11: O | U11: O
D12: exam-format is already exist | E12: O | F12: O | G12: O | M12: O | N12: O | O12: O | P12: O | R12: O | S12: O | T12: O
D13: exam-format is not exist | H13: O | I13: O | J13: O | K13: O | L13: O | Q13: O | U13: O
D14: exam-format "FE" is already exist | R14: O
B15: HTTP Method
D16: GET | E16: O | F16: O | G16: O | H16: O
D17: POST | I17: O | J17: O | K17: O | L17: O | M17: O
D18: PATCH | N18: O | O18: O | P18: O | Q18: O | R18: O
D19: DELETE | S19: O | T19: O | U19: O
B20: API Endpoint
B21: api/exam-formats/:id | E21: O | F21: O | G21: O | H21: O | N21: O | P21: O | Q21: O | R21: O | S21: O | T21: O | U21: O
B22: api/exam-formats | I22: O | J22: O | K22: O | L22: O | M22: O
B24: Input
B25: id
B26: {guid} | E26: O | G26: O | H26: O | N26: O | P26: O | Q26: O | R26: O | S26: O | T26: O | U26: O
B27: abc | F27: O | O27: O
B28: code
D29: de170076 | I29: O | K29: O | L29: O | M29: O | N29: O | O29: O | P29: O | Q29: O
D30: de99999 | J30: O
D31: de10 | R31: O
A33: Confirm | B33: Return
D34: 200: Success with 1 record have {id} | E34: O
D35: 200: Success | N35: O | S35: O
D36: 201: Created | I36: O
D37: 400: Bad Request | F37: O | J37: O | K37: O | O37: O
D38: 403: No Permision | G38: O | L38: O | P38: O | T38: O
D39: 404 : Not Found | H39: O | Q39: O | U39: O
D40: 409: Conflict | M40: O | R40: O
B41: Exception
B43: Log message
D44: "exam-format created successfully" | I44: O
D45: "Failed to create exam-format: Invalid request parameters" | J45: O | K45: O
D46: "User does not have permission to create a exam-format" | L46: O
D47: "Failed to create exam-format: exam-format name '{name}' already exists" | M47: O
D49: "exam-format with ID {id} updated successfully" | N49: O
D50: "Failed to update exam-format {id}: Invalid request parameters" | O50: O
D51: "User does not have permission to update exam-format {id}" | P51: O
D52: "Failed to update exam-format: exam-format with ID {id} not found" | Q52: O
D53: "Failed to update exam-format: exam-format name '{name}' already exists" | R53: O
D55: "exam-format with ID {id} deleted successfully" | S55: O
D56: "User does not have permission to delete exam-format {id}" | T56: O
D57: "Failed to delete exam-format: exam-format with ID {id} not found" | U57: O
D59: "Retrieved exam-format details for ID {id} successfully" | E59: O
D60: "Invalid request parameters for getting exam-format {id}" | F60: O
D61: "User does not have permission to access exam-format {id}" | G61: O
D62: "exam-format with ID {id} not found" | H62: O
A64: Result | B64: Type(N : Normal, A : Abnormal, B : Boundary) | E64: N | F64: A | G64: A | H64: A | I64: N | J64: A | K64: A | L64: A | M64: A | N64: N | O64: A | P64: A | Q64: A | R64: A | S64: N | T64: A | U64: A
B65: Passed/Failed | E65: P | F65: P | G65: P | H65: P | I65: P | J65: P | K65: P | L65: P | M65: P | N65: P | O65: P | P65: P | Q65: P | R65: P | S65: P | T65: P | U65: P
B66: Executed Date | E66: 45721 | F66: 45721 | G66: 45721 | H66: 45721 | I66: 45721 | J66: 39143 | K66: 39144 | L66: 39145 | M66: 45390 | N66: 45390 | O66: 45390 | P66: 45390 | Q66: 45390 | R66: 45390 | S66: 45390 | T66: 45390 | U66: 45390
B67: Defect ID

Sheet FE-26
A2: Function Code | C2: FE-26 | F2: Function Name | L2: FE-26_View list of semesters
A3: Created By | C3: BaoPG | F3: Executed By | L3: BaoPG
A4: Lines of code | C4: 100 | F4: Lack of test cases | L4: =IF(Functions!E6<>"N/A",SUM(C4*Functions!E6/1000,-O7),"N/A") -> -7
A5: Test requirement | C5: N/A
A6: Passed | C6: Failed | F6: Untested | L6: N/A/B | O6: Total Test Cases
A7: =COUNTIF(F48:HQ48,"P") -> 9 | C7: =COUNTIF(F48:HQ48,"F") -> 0 | F7: =SUM(O7,-A7,-C7) -> 0 | L7: =COUNTIF(E47:HQ47,"N") -> 6 | M7: =COUNTIF(E47:HQ47,"A") -> 3 | N7: =COUNTIF(E47:HQ47,"B") -> 0 | O7: =COUNTA(E9:HT9) -> 9
F9: UTCID01 | G9: UTCID02 | H9: UTCID03 | I9: UTCID04 | J9: UTCID05 | K9: UTCID06 | L9: UTCID07 | M9: UTCID08 | N9: UTCID09
A10: Condition | B10: Precondition
D11: Authorized | F11: O | G11: O | H11: O | I11: O | J11: O | K11: O | L11: O | N11: O
D12: At least 1 semesterss records in the database | F12: O | G12: O | H12: O | I12: O | J12: O | K12: O | L12: O | M12: O
B14: HTTP Method
D15: GET | F15: O | G15: O | H15: O | I15: O | J15: O | K15: O | L15: O | M15: O | N15: O
B16: API Endpoint
B17: api/semesters | F17: O | M17: O
B18: api/semesters?PageNumber=0&PageSize=20 | G18: O | N18: O
B19: api/semesters?semesterCode=Fall 2024 | H19: O
B20: api/semesters?startDate=%7B"start"%3A"2025-03-10T00%3A00%3A00.000Z"%2C"end"%3A"2025-03-14T00%3A00%3A00.000Z"%7D | I20: O
B21: api/semesters/?SortBy=semesterCode&SortOrder=1 | J21: O
B22: api/semesters?search=Fall2025 | K22: O
D24: api/semesterss?PageNumber=0&PageSize=abcd | L24: O
A28: Confirm | B28: Return
D29: 200: Success with 10 records | F29: O
D30: 200: Success with 20 records | G30: O
D31: 200: Success with records have code = Fall 2024 | H31: O
B32: 200: Success with records have start time from 10/03/2025 - 14/03/2025 | I32: O
D33: 200: Success with 10 records is sorted | J33: O
D34: 200: Success with records have word "Fall2025" | K34: O
D35: 400: Bad Request | L35: O
D36: 403: No Permision | M36: O
D37: 404 : Not Found | N37: O
B39: Exception
B41: Log message
D42: "Get List of semesters successfully" | F42: O | G42: O | H42: O | I42: O | J42: O | K42: O
D43: "List of semesters not found" | N43: O
D44: "Invalid request parameters for getting list of semesters" | L44: O
D45: "User does not have permission to access the list of semesters" | M45: O
A47: Result | B47: Type(N : Normal, A : Abnormal, B : Boundary) | F47: N | G47: N | H47: N | I47: N | J47: N | K47: N | L47: A | M47: A | N47: A
B48: Passed/Failed | F48: P | G48: P | H48: P | I48: P | J48: P | K48: P | L48: P | M48: P | N48: P
B49: Executed Date | F49: 45728 | G49: 45728 | H49: 45728 | I49: 45728 | J49: 45728 | K49: 45728 | L49: 45728 | M49: 45728 | N49: 45728
B50: Defect ID

Sheet FE-27
A2: Function Code | C2: FE-27 | F2: Function Name | L2: FE-27_CRUD semester
A3: Created By | C3: BaoPG | F3: Executed By | L3: BaoPG
A4: Lines of code | C4: 100 | F4: Lack of test cases | L4: =IF(Functions!E6<>"N/A",SUM(C4*Functions!E6/1000,-O7),"N/A") -> -17
A5: Test requirement | C5: N/A
A6: Passed | C6: Failed | F6: Untested | L6: N/A/B | O6: Total Test Cases
A7: =COUNTIF(F72:HU72,"P") -> 19 | C7: =COUNTIF(F72:HU72,"F") -> 0 | F7: =SUM(O7,-A7,-C7) -> 0 | L7: =COUNTIF(E71:HU71,"N") -> 4 | M7: =COUNTIF(E71:HU71,"A") -> 15 | N7: =COUNTIF(E71:HU71,"B") -> 0 | O7: 19
F9: UTCID01 | G9: UTCID02 | H9: UTCID03 | I9: UTCID04 | J9: UTCID05 | K9: UTCID06 | L9: UTCID07 | M9: UTCID08 | N9: UTCID09 | O9: UTCID10 | P9: UTCID11 | Q9: UTCID12 | R9: UTCID13 | S9: UTCID14 | T9: UTCID15 | U9: UTCID16 | V9: UTCID17
A10: Condition | B10: Precondition
D11: Authorized | F11: O | G11: O | I11: O | J11: O | K11: O | L11: O | N11: O | O11: O | P11: O | Q11: O | R11: O | T11: O | U11: O | V11: O | X11: O
D12: Semester code is already exist | F12: O | G12: O | H12: O | N12: O | O12: O | T12: O | U12: O | V12: O | W12: O
D13: Semester code is not exist | I13: O | J13: O | K13: O | L13: O | M13: O | P13: O | Q13: O | R13: O | S13: O | X13: O
D14: Semester "FA25" is already exist | O14: O | U14: O
B15: HTTP Method
D16: GET | F16: O | G16: O | H16: O | I16: O
D17: POST | J17: O | K17: O | L17: O | M17: O | N17: O | O17: O
D18: PATCH | P18: O | Q18: O | R18: O | S18: O | T18: O | U18: O
D19: DELETE | V19: O | W19: O | X19: O
B20: API Endpoint
B21: api/semesters/:id | F21: O | G21: O | H21: O | I21: O | P21: O | Q21: O | R21: O | S21: O | T21: O | U21: O | V21: O | W21: O | X21: O
B22: api/semester | J22: O | K22: O | L22: O | M22: O | N22: O | O22: O
B24: Input
B25: id
B26: {guid} | F26: O | H26: O | I26: O | P26: O | Q26: O | S26: O | T26: O | U26: O | V26: O | W26: O | X26: O
B27: abc | G27: O | R27: O
B28: semesterCode
D29: SU25 | J29: O | L29: O | M29: O | N29: O | P29: O | R29: O | S29: O | T29: O
D30: FA 1234567890 | K30: O | Q30: O
D31: FA25 | O31: O | U31: O
B32: startTime
D33: 45728 | J33: O | K33: O | M33: O | N33: O | O33: O | P33: O | Q33: O | S33: O | T33: O | U33: O
D34: abd | L34: O | R34: O
B35: startTime
D36: 45728 | N36: O | T36: O
D37: 45731 | J37: O | K37: O | M37: O | O37: O | P37: O | Q37: O | S37: O | U37: O
D38: abd | L38: O | R38: O
A39: Confirm | B39: Return
D40: 200: Success with 1 record have {id} | F40: O
D41: 200: Success | V41: O
D42: 201: Created | J42: O | P42: O
D43: 400: Bad Request | G43: O | K43: O | L43: O | Q43: O | R43: O
D44: 403: No Permision | H44: O | M44: O | S44: O | W44: O
D45: 404 : Not Found | I45: O | X45: O
D46: 409: Conflict | N46: O | O46: O | T46: O | U46: O
B47: Exception
B49: Log message
D50: "Semester created successfully" | J50: O | P50: O
D51: "Failed to create semesters: Invalid request parameters" | K51: O | L51: O | Q51: O | R51: O
D52: "User does not have permission to create a semesters" | M52: O | S52: O
D53: "Failed to create semesters: Semesters name '{name}' already exists" | O53: O | U53: O
D54: "Failed to create semesters: End Time is not availbale | N54: O | T54: O
D56: "Semester with ID {id} updated successfully"
D57: "Failed to update semesters {id}: Invalid request parameters"
D58: "User does not have permission to update semester {id}"
D59: "Failed to update semester: Semester with ID {id} not found"
D60: "Failed to update semesters: Semester name '{name}' already exists"
D62: "Semester with ID {id} deleted successfully" | V62: O
D63: "User does not have permission to delete semester {id}" | W63: O
D64: "Failed to delete semesters: Semester with ID {id} not found" | X64: O
D66: "Retrieved semester details for ID {id} successfully" | F66: O
D67: "Invalid request parameters for getting semester {id}" | G67: O
D68: "User does not have permission to access semester {id}" | H68: O
D69: "Semester with ID {id} not found" | I69: O
A71: Result | B71: Type(N : Normal, A : Abnormal, B : Boundary) | F71: N | G71: A | H71: A | I71: A | J71: N | K71: A | L71: A | M71: A | N71: A | O71: A | P71: N | Q71: A | R71: A | S71: A | T71: A | U71: A | V71: N | W71: A | X71: A
B72: Passed/Failed | F72: P | G72: P | H72: P | I72: P | J72: P | K72: P | L72: P | M72: P | N72: P | O72: P | P72: P | Q72: P | R72: P | S72: P | T72: P | U72: P | V72: P | W72: P | X72: P
B73: Executed Date | F73: 45721 | G73: 45721 | H73: 45721 | I73: 45721 | J73: 45721 | K73: 45721 | L73: 45721 | M73: 45721 | N73: 45721 | O73: 45721 | P73: 45721 | Q73: 45721 | R73: 45721 | S73: 45721 | T73: 45721 | U73: 45721 | V73: 45721 | W73: 45721 | X73: 45721
B74: Defect ID

Sheet FE-28
A2: Function Code | C2: FE-28 | E2: Function Name | K2: FE-28_Set semester as the current default semester
A3: Created By | C3: BaoPG | E3: Executed By | K3: BaoPG
A4: Lines of code | C4: 100 | E4: Lack of test cases | K4: =IF(Functions!E6<>"N/A",SUM(C4*Functions!E6/1000,-N7),"N/A") -> -2
A5: Test requirement | C5: N/A
A6: Passed | C6: Failed | E6: Untested | K6: N/A/B | N6: Total Test Cases
A7: =COUNTIF(E40:HT40,"P") -> 4 | C7: =COUNTIF(E40:HT40,"F") -> 0 | E7: =SUM(N7,-A7,-C7) -> 0 | K7: =COUNTIF(E39:HT39,"N") -> 1 | L7: =COUNTIF(E39:HT39,"A") -> 3 | M7: =COUNTIF(E39:HT39,"B") -> 0 | N7: =COUNTA(E9:HW9) -> 4
E9: UTCID01 | F9: UTCID02 | G9: UTCID03 | H9: UTCID04
A10: Condition | B10: Precondition
D11: Authorized | E11: O | F11: O
D12: semester is not exist | G12: O
B13: HTTP Method
D14: POST | E14: O | F14: O | G14: O | H14: O
B16: API Endpoint
B17: api/semesters/current/:id | E17: O | F17: O | G17: O | H17: O
B20: Input
B21: id
B22: {guid} | E22: O | G22: O | H22: O
B23: abc | F23: O
A25: Confirm | B25: Return
D26: 200: Success with 1 record have {id} | E26: O
D27: 400: Bad Request | F27: O
D28: 403: No Permision | H28: O
D29: 404 : Not Found | G29: O
D30: 409: Conflict
B31: Exception
B33: Log message
D34: "Semester with ID {id} is current " | E34: O
D35: "Failed to set current course: Invalid request parameters" | F35: O
D36: "User does not have permission to set current semester" | H36: O
D37: "Failed to set current: Semester with ID {id} not found" | G37: O
A39: Result | B39: Type(N : Normal, A : Abnormal, B : Boundary) | E39: N | F39: A | G39: A | H39: A
B40: Passed/Failed | E40: P | F40: P | G40: P | H40: P
B41: Executed Date | E41: 45721 | F41: 45721 | G41: 45721 | H41: 45721
B42: Defect ID

Sheet FE-29
A2: Function Code | C2: FE-29 | E2: Function Name | K2: FE-29_View the list of classes in the semester
A3: Created By | C3: TuanND | E3: Executed By | K3: TuanND
A4: Lines of code | C4: 100 | E4: Lack of test cases
A5: Test requirement | C5: N/A
A6: Passed | C6: Failed | E6: Untested | K6: N/A/B | N6: Total Test Cases
A7: =COUNTIF(E47:HP47,"P") -> 9 | C7: =COUNTIF(E36:HP36,"F") -> 0 | E7: =SUM(N7,-A7,-C7) -> 0 | K7: 6 | L7: 3 | M7: =COUNTIF(E35:HP35,"B") -> 0 | N7: =COUNTA(E9:HS9) -> 9
E9: UTCID01 | F9: UTCID02 | G9: UTCID03 | H9: UTCID04 | I9: UTCID05 | J9: UTCID06 | K9: UTCID07 | L9: UTCID08 | M9: UTCID09
A10: Condition | B10: Precondition
D11: Authorized | E11: O | F11: O | G11: O | H11: O | I11: O | J11: O | K11: O | M11: O
D12: At least 1 classes records in the database | E12: O | F12: O | G12: O | H12: O | I12: O | J12: O | K12: O | L12: O
B14: HTTP Method
D15: GET | E15: O | F15: O | G15: O | H15: O | I15: O | J15: O | K15: O | L15: O | M15: O
B16: API Endpoint
B17: api/classes | E17: O | L17: O
B18: api/classes?PageNumber=0&PageSize=20 | F18: O | M18: O
B19: api/class?code=SE17B04 | G19: O
B20: api/class?description="retake" | H20: O
B21: api/classes/?SortBy=code&SortOrder=1 | I21: O
B22: api/class?search=201 | J22: O
D23: api/classes?PageNumber=0&PageSize=abcd | K23: O
A27: Confirm | B27: Return
D28: 200: Success with 10 records | E28: O
D29: 200: Success with 20 records | F29: O
D30: 200: Success with records have code = "SE17B04" | G30: O
D31: 200: Success with records have code = SE17B04 | H31: O
D32: 200: Success with 10 records is sorted | I32: O
D33: 200: Success with records have word "201" | J33: O
D34: 400: Bad Request | K34: O
D35: 403: No Permision | L35: O
D36: 404 : Not Found | M36: O
B38: Exception
B40: Log message
D41: "Get List of classes successfully" | E41: O | F41: O | G41: O | H41: O | I41: O | J41: O
D42: "List of classes not found" | M42: O
D43: "Invalid request parameters for getting list of classes" | K43: O
D44: "User does not have permission to access the list of classes" | L44: O
A46: Result | B46: Type(N : Normal, A : Abnormal, B : Boundary) | E46: N | F46: N | G46: N | H46: N | I46: N | J46: N | K46: A | L46: A | M46: A
B47: Passed/Failed | E47: P | F47: P | G47: P | H47: P | I47: P | J47: P | K47: P | L47: P | M47: P
B48: Executed Date | E48: 45721 | F48: 45721 | G48: 45721 | H48: 45721 | I48: 45721 | J48: 39143 | K48: 39144 | L48: 39145 | M48: 45390
B49: Defect ID

Sheet FE-30
A2: Function Code | C2: FE-30 | E2: Function Name | K2: FE-30_Add, edit, and delete classes in the semester
A3: Created By | C3: TuanND | E3: Executed By | K3: TuanND
A4: Lines of code | C4: 100 | E4: Lack of test cases | K4: =IF(Functions!E6<>"N/A",SUM(C4*Functions!E6/1000,-N7),"N/A") -> -15
A5: Test requirement | C5: N/A
A6: Passed | C6: Failed | E6: Untested | K6: N/A/B | N6: Total Test Cases
A7: =COUNTIF(E65:HT65,"P") -> 17 | C7: =COUNTIF(E65:HT65,"F") -> 0 | E7: =SUM(N7,-A7,-C7) -> 0 | K7: =COUNTIF(E64:HT64,"N") -> 4 | L7: =COUNTIF(E64:HT64,"A") -> 13 | M7: =COUNTIF(E64:HT64,"B") -> 0 | N7: =COUNTA(E9:HW9) -> 17
E9: UTCID01 | F9: UTCID02 | G9: UTCID03 | H9: UTCID04 | I9: UTCID05 | J9: UTCID06 | K9: UTCID07 | L9: UTCID08 | M9: UTCID09 | N9: UTCID10 | O9: UTCID11 | P9: UTCID12 | Q9: UTCID13 | R9: UTCID14 | S9: UTCID15 | T9: UTCID16 | U9: UTCID17
A10: Condition | B10: Precondition
D11: Authorized | E11: O | F11: O | H11: O | I11: O | J11: O | K11: O | M11: O | N11: O | O11: O | Q11: O | R11: O | S11: O | U11: O
D12: class is already exist | E12: O | F12: O | G12: O | M12: O | N12: O | O12: O | P12: O | R12: O | S12: O | T12: O
D13: class is not exist | H13: O | I13: O | J13: O | K13: O | L13: O | Q13: O | U13: O
D14: class "SE17B04" is already exist | R14: O
B15: HTTP Method
D16: GET | E16: O | F16: O | G16: O | H16: O
D17: POST | I17: O | J17: O | K17: O | L17: O | M17: O
D18: PATCH | N18: O | O18: O | P18: O | Q18: O | R18: O
D19: DELETE | S19: O | T19: O | U19: O
B20: API Endpoint
B21: api/classs/:id | E21: O | F21: O | G21: O | H21: O | N21: O | P21: O | Q21: O | R21: O | S21: O | T21: O | U21: O
B22: api/classs | I22: O | J22: O | K22: O | L22: O | M22: O
B24: Input
B25: id
B26: {guid} | E26: O | G26: O | H26: O | N26: O | P26: O | Q26: O | R26: O | S26: O | T26: O | U26: O
B27: abc | F27: O | O27: O
B28: code
D29: de170076 | I29: O | K29: O | L29: O | M29: O | N29: O | O29: O | P29: O | Q29: O
D30: de99999 | J30: O
D31: de10 | R31: O
A33: Confirm | B33: Return
D34: 200: Success with 1 record have {id} | E34: O
D35: 200: Success | N35: O | S35: O
D36: 201: Created | I36: O
D37: 400: Bad Request | F37: O | J37: O | K37: O | O37: O
D38: 403: No Permision | G38: O | L38: O | P38: O | T38: O
D39: 404 : Not Found | H39: O | Q39: O | U39: O
D40: 409: Conflict | M40: O | R40: O
B41: Exception
B43: Log message
D44: "class created successfully" | I44: O
D45: "Failed to create class: Invalid request parameters" | J45: O | K45: O
D46: "User does not have permission to create a class" | L46: O
D47: "Failed to create class: class name '{name}' already exists" | M47: O
D49: "class with ID {id} updated successfully" | N49: O
D50: "Failed to update class {id}: Invalid request parameters" | O50: O
D51: "User does not have permission to update class {id}" | P51: O
D52: "Failed to update class: class with ID {id} not found" | Q52: O
D53: "Failed to update class: class name '{name}' already exists" | R53: O
D55: "class with ID {id} deleted successfully" | S55: O
D56: "User does not have permission to delete class {id}" | T56: O
D57: "Failed to delete class: class with ID {id} not found" | U57: O
D59: "Retrieved class details for ID {id} successfully" | E59: O
D60: "Invalid request parameters for getting class {id}" | F60: O
D61: "User does not have permission to access class {id}" | G61: O
D62: "class with ID {id} not found" | H62: O
A64: Result | B64: Type(N : Normal, A : Abnormal, B : Boundary) | E64: N | F64: A | G64: A | H64: A | I64: N | J64: A | K64: A | L64: A | M64: A | N64: N | O64: A | P64: A | Q64: A | R64: A | S64: N | T64: A | U64: A
B65: Passed/Failed | E65: P | F65: P | G65: P | H65: P | I65: P | J65: P | K65: P | L65: P | M65: P | N65: P | O65: P | P65: P | Q65: P | R65: P | S65: P | T65: P | U65: P
B66: Executed Date | E66: 45721 | F66: 45721 | G66: 45721 | H66: 45721 | I66: 45721 | J66: 39143 | K66: 39144 | L66: 39145 | M66: 45390 | N66: 45390 | O66: 45390 | P66: 45390 | Q66: 45390 | R66: 45390 | S66: 45390 | T66: 45390 | U66: 45390
B67: DeSE17B04ct ID

Sheet FE-31
A2: Function Code | C2: FE-31 | E2: Function Name | K2: FE-31_View the list of students in the class
A3: Created By | C3: TuanND | E3: Executed By | K3: TuanND
A4: Lines of code | C4: 100 | E4: Lack of test cases
A5: Test requirement | C5: N/A
A6: Passed | C6: Failed | E6: Untested | K6: N/A/B | N6: Total Test Cases
A7: 9 | C7: =COUNTIF(E36:HP36,"F") -> 0 | E7: =SUM(N7,-A7,-C7) -> 0 | K7: 6 | L7: 3 | M7: =COUNTIF(E35:HP35,"B") -> 0 | N7: =COUNTA(E9:HS9) -> 9
E9: UTCID01 | F9: UTCID02 | G9: UTCID03 | H9: UTCID04 | I9: UTCID05 | J9: UTCID06 | K9: UTCID07 | L9: UTCID08 | M9: UTCID09
A10: Condition | B10: Precondition
D11: Authorized | E11: O | F11: O | G11: O | H11: O | I11: O | J11: O | K11: O | M11: O
D12: At least 1 students records in the database | E12: O | F12: O | G12: O | H12: O | I12: O | J12: O | K12: O | L12: O
B14: HTTP Method
D15: GET | E15: O | F15: O | G15: O | H15: O | I15: O | J15: O | K15: O | L15: O | M15: O
B16: API Endpoint
B17: api/students | E17: O | L17: O
B18: api/students?PageNumber=0&PageSize=20 | F18: O | M18: O
B19: api/class?code=SE17B04 | G19: O
B20: api/class?description="retake" | H20: O
B21: api/students/?SortBy=code&SortOrder=1 | I21: O
B22: api/class?search=201 | J22: O
D23: api/students?PageNumber=0&PageSize=abcd | K23: O
A27: Confirm | B27: Return
D28: 200: Success with 10 records | E28: O
D29: 200: Success with 20 records | F29: O
D30: 200: Success with records have code = "SE17B04" | G30: O
D31: 200: Success with records have code = SE17B04 | H31: O
D32: 200: Success with 10 records is sorted | I32: O
D33: 200: Success with records have word "201" | J33: O
D34: 400: Bad Request | K34: O
D35: 403: No Permision | L35: O
D36: 404 : Not Found | M36: O
B38: Exception
B40: Log message
D41: "Get List of students successfully" | E41: O | F41: O | G41: O | H41: O | I41: O | J41: O
D42: "List of students not found" | M42: O
D43: "Invalid request parameters for getting list of students" | K43: O
D44: "User does not have permission to access the list of students" | L44: O
A46: Result | B46: Type(N : Normal, A : Abnormal, B : Boundary) | E46: N | F46: N | G46: N | H46: N | I46: N | J46: N | K46: A | L46: A | M46: A
B47: Passed/Failed | E47: P | F47: P | G47: P | H47: P | I47: P | J47: P | K47: P | L47: P | M47: P
B48: Executed Date | E48: 45721 | F48: 45721 | G48: 45721 | H48: 45721 | I48: 45721 | J48: 39143 | K48: 39144 | L48: 39145 | M48: 45390
B49: Defect ID

Sheet FE-32
A2: Function Code | C2: FE-32 | E2: Function Name | K2: =Functions!D39 -> FE-32_Add students to the classroom
A3: Created By | C3: TuanND | E3: Executed By | K3: TuanND
A4: Lines of code | C4: 100 | E4: Lack of test cases
A5: Test requirement | C5: N/A
A6: Passed | C6: Failed | E6: Untested | K6: N/A/B | N6: Total Test Cases
A7: 5 | C7: =COUNTIF(E36:HP36,"F") -> 0 | E7: =SUM(N7,-A7,-C7) -> 0 | K7: 1 | L7: 4 | M7: =COUNTIF(E35:HP35,"B") -> 0 | N7: =COUNTA(E9:HS9) -> 5
E9: UTCID01 | F9: UTCID02 | G9: UTCID03 | H9: UTCID04 | I9: UTCID05
A10: Condition | B10: Precondition
D11: Authorized | E11: O | F11: O | G11: O | I11: O
D12: student is already exist | I12: O
D13: student is not exist | E13: O | F13: O | G13: O | H13: O
D14: student "de170076" is already exist
B15: HTTP Method
D16: POST | E16: O | F16: O | G16: O | H16: O | I16: O
B17: API Endpoint
B18: api/students/:id
B19: api/students | E19: O | F19: O | G19: O | H19: O | I19: O
B21: Input
B22: id
B23: {guid}
B24: abc
B25: code
D26: de170076 | E26: O | G26: O | H26: O | I26: O
D27: de99999 | F27: O
D28: de10
A30: Confirm | B30: Return
D31: 200: Success with 1 record have {id}
D32: 200: Success
D33: 201: Created | E33: O
D34: 400: Bad Request | F34: O | G34: O
D35: 403: No Permision | H35: O
D36: 404 : Not Found
D37: 409: Conflict | I37: O
B38: Exception
B40: Log message
D41: "Student created successfully" | E41: O
D42: "Failed to create student: Invalid request parameters" | F42: O | G42: O
D43: "User does not have permission to create a student" | H43: O
D44: "Failed to create student: Student name '{name}' already exists" | I44: O
D46: "Student with ID {id} updated successfully"
D47: "Failed to update student {id}: Invalid request parameters"
D48: "User does not have permission to update student {id}"
D49: "Failed to update student: Student with ID {id} not found"
D50: "Failed to update student: Student name '{name}' already exists"
D52: "Student with ID {id} deleted successfully"
D53: "User does not have permission to delete student {id}"
D54: "Failed to delete student: Student with ID {id} not found"
D56: "Retrieved student details for ID {id} successfully"
D57: "Invalid request parameters for getting student {id}"
D58: "User does not have permission to access student {id}"
D59: "Student with ID {id} not found"
A61: Result | B61: Type(N : Normal, A : Abnormal, B : Boundary) | E61: N | F61: A | G61: A | H61: A | I61: A
B62: Passed/Failed | E62: P | F62: P | G62: P | H62: P | I62: P
B63: Executed Date | E63: 45721 | F63: 39143 | G63: 39144 | H63: 39145 | I63: 45390
B64: Defect ID

Sheet FE-33
A2: Function Code | C2: FE-33 | E2: Function Name | K2: FE-33_Remove students from the class
A3: Created By | C3: TuanND | E3: Executed By | K3: TuanND
A4: Lines of code | C4: 100 | E4: Lack of test cases
A5: Test requirement | C5: N/A
A6: Passed | C6: Failed | E6: Untested | K6: N/A/B | N6: Total Test Cases
A7: =COUNTIF(E45:HT45,"P") -> 3 | C7: =COUNTIF(E45:HT45,"F") -> 0 | E7: =SUM(N7,-A7,-C7) -> 0 | K7: =COUNTIF(E44:HT44,"N") -> 1 | L7: =COUNTIF(E44:HT44,"A") -> 2 | M7: =COUNTIF(E44:HT44,"B") -> 0 | N7: =COUNTA(E9:HW9) -> 3
E9: UTCID15 | F9: UTCID16 | G9: UTCID17
A10: Condition | B10: Precondition
D11: Authorized | E11: O | G11: O
D12: student is already exist | E12: O | F12: O
D13: student is not exist | G13: O
D14: student "de170076" is already exist
B15: HTTP Method
D16: DELETE | E16: O | F16: O | G16: O
B17: API Endpoint
B18: api/students/:id | E18: O | F18: O | G18: O
B19: api/students
B21: Input
B22: id
B23: {guid} | E23: O | F23: O | G23: O
B24: abc
B25: code
D26: de170076
D27: de99999
D28: de10
A30: Confirm | B30: Return
D31: 200: Success with 1 record have {id}
D32: 200: Success | E32: O
D33: 201: Created
D34: 400: Bad Request
D35: 403: No Permision | F35: O
D36: 404 : Not Found | G36: O
D37: 409: Conflict
B38: Exception
B40: Log message
D41: "Student with ID {id} deleted successfully" | E41: O
D42: "User does not have permission to delete student {id}" | F42: O
D43: "Failed to delete student: Student with ID {id} not found" | G43: O
A44: Result | B44: Type(N : Normal, A : Abnormal, B : Boundary) | E44: N | F44: A | G44: A
B45: Passed/Failed | E45: P | F45: P | G45: P
B46: Executed Date | E46: 45390 | F46: 45390 | G46: 45390
B47: Defect ID

Sheet FE-34
A2: Function Code | C2: =Functions!E41 -> FE-34 | F2: Function Name | L2: FE-34_View the list of exam periods the semester
A3: Created By | C3: AnhNN | F3: Executed By | L3: AnhNN
A4: Lines of code | C4: 100 | F4: Lack of test cases | L4: =IF(Functions!E6<>"N/A",SUM(C4*Functions!E6/1000,-O7),"N/A") -> -4
A5: Test requirement | C5: N/A
A6: Passed | C6: Failed | F6: Untested | L6: N/A/B | O6: Total Test Cases
A7: =COUNTIF(F40:HQ40,"P") -> 6 | C7: =COUNTIF(F40:HQ40,"F") -> 0 | F7: =SUM(O7,-A7,-C7) -> 0 | L7: =COUNTIF(E39:HQ39,"N") -> 3 | M7: =COUNTIF(E39:HQ39,"A") -> 3 | N7: =COUNTIF(E39:HQ39,"B") -> 0 | O7: =COUNTA(E9:HT9) -> 6
F9: UTCID01 | G9: UTCID02 | H9: UTCID03 | I9: UTCID04 | J9: UTCID05 | K9: UTCID06
A10: Condition | B10: Precondition
D11: Authorized | F11: O | G11: O | H11: O | I11: O | K11: O
B12: UserRole=EXAMINERUserRole=EXAMINER | F12: O | G12: O | H12: O | I12: O | K12: O
B13: HTTP Method
D14: GET | F14: O | G14: O | H14: O | I14: O | J14: O | K14: O
B15: API Endpoint
B16: api/exam-schedule/exam-period?SemesterId={guid} | F16: O | K16: O
B17: api/exam-period?PageNumber=0&PageSize=20&PeriodId={guid} | G17: O
B18: /api/exam-period?PageNumber=0&PageSize=10&SortBy=tittle&SortOrder=1&SemesterId={guid} | H18: O
B19: /api/exam-period?PageNumber=-1&SemesterId={guid} | I19: O
B20: /api/exam-period?PageSize=abc&SemesterId={guid} | J20: O
D21: api/exam-period | K21: O
A23: Confirm | B23: Return
D24: 200: Success with 10 records | F24: O
D25: 200: Success with 20 records | G25: O
D26: 200: Success with 10 records is sorted | H26: O
D27: 400: Bad Request | I27: O | K27: O
D28: 401: Unauthorized | J28: O
D29: 404 : Not Found
B32: Log message
D33: "User not permission" | J33: O
D34: "Get list exam period succesfully" | F34: O
A39: Result | B39: Type(N : Normal, A : Abnormal, B : Boundary) | F39: N | G39: N | H39: N | I39: A | J39: A | K39: A
B40: Passed/Failed | F40: P | G40: P | H40: P | I40: P | J40: P | K40: P
B41: Executed Date | F41: 45757 | G41: 45757 | H41: 45757 | I41: 45757 | J41: 45757 | K41: 45757
B42: Defect ID

Sheet FE-35
A1: \
A2: Function Code | C2: FE-35 | F2: Function Name | L2: FE-35_CRUD exam period in the semester
A3: Created By | C3: AnhNN | F3: Executed By | L3: AnhNN
A4: Lines of code | C4: 100 | F4: Lack of test cases | L4: =IF(Functions!E6<>"N/A",SUM(C4*Functions!E6/1000,-O7),"N/A") -> -15
A5: Test requirement | C5: N/A
A6: Passed | C6: Failed | F6: Untested | L6: N/A/B | O6: Total Test Cases
A7: =COUNTIF(F73:HU73,"P") -> 17 | C7: =COUNTIF(F73:HU73,"F") -> 0 | F7: =SUM(O7,-A7,-C7) -> 0 | L7: =COUNTIF(E72:HU72,"N") -> 4 | M7: =COUNTIF(E72:HU72,"A") -> 13 | N7: =COUNTIF(E72:HU72,"B") -> 0 | O7: =COUNTA(E9:HX9) -> 17
F9: UTCID01 | G9: UTCID02 | H9: UTCID03 | I9: UTCID04 | J9: UTCID05 | K9: UTCID06 | L9: UTCID07 | M9: UTCID08 | N9: UTCID09 | O9: UTCID10 | P9: UTCID11 | Q9: UTCID12 | R9: UTCID13 | S9: UTCID14 | T9: UTCID15 | U9: UTCID16 | V9: UTCID17
A10: Condition | B10: Precondition
D11: Authorized | F11: O | G11: O | I11: O | J11: O | K11: O | L11: O | N11: O | O11: O | P11: O | R11: O | S11: O | T11: O | V11: O
D12: Exam Period is already exist | F12: O | G12: O | H12: O | K12: O | N12: O | O12: O | P12: O | Q12: O | S12: O | T12: O | U12: O
D13: Exam period is not exist | I13: O | J13: O | L13: O | M13: O | R13: O | V13: O
D14: Exam Period "Đợt 1" is already exist | S14: O
B15: HTTP Method
D16: GET | F16: O | G16: O | H16: O | I16: O
D17: POST | J17: O | K17: O | L17: O | M17: O | N17: O
D18: PATCH | O18: O | P18: O | Q18: O | R18: O | S18: O
D19: DELETE | T19: O | U19: O | V19: O
B20: API Endpoint
B21: api/exam-period/:id | F21: O | G21: O | H21: O | I21: O | O21: O | Q21: O | R21: O | S21: O | T21: O | U21: O | V21: O
B22: api/exam-period | J22: O | K22: O | L22: O | M22: O | N22: O
B24: Input
B25: id
B26: {guid} | F26: O | H26: O | I26: O | O26: O | Q26: O | R26: O | S26: O | T26: O | U26: O | V26: O
B27: abc | G27: O | P27: O
B28: name
D29: Đợt 1 | F29: O | G29: O | J29: O | L29: O | M29: O | N29: O | O29: O | P29: O | Q29: O | R29: O
B30: startDate
D31: 45700 | F31: O | G31: O | J31: O | K31: O | M31: O | N31: O | O31: O | P31: O | Q31: O | R31: O | S31: O
B33: endDate
B34: 45807 | F34: O | G34: O | J34: O
D35: 45700
A37: Confirm | B37: Return
D38: 200: Success with 1 record have {id} | F38: O
D39: 200: Success | O39: O | T39: O
D40: 201: Created | J40: O
D41: 400: Bad Request | G41: O | L41: O | P41: O
D42: 403: No Permision | H42: O | M42: O | Q42: O | U42: O
D43: 404 : Not Found | I43: O | R43: O | V43: O
D44: 409: Conflict | K44: O | N44: O | S44: O
B45: Exception
B47: Log message
D48: "Exam period created successfully" | J48: O
D49: "Failed to create exam period: Invalid request parameters" | K49: O | L49: O
D50: "User does not have permission to create a exam period" | M50: O
D51: "Failed to create exam period: Exam period name '{name}' already exists" | N51: O
D53: "Exam period with ID {id} updated successfully" | O53: O
D54: "Failed to update exam period {id}: Invalid request parameters" | P54: O
D55: "User does not have permission to update exam period {id}" | Q55: O
D56: "Failed to update room: Exam period with ID {id} not found" | R56: O
D57: "Failed to update room: Exam period name '{name}' already exists" | S57: O
D59: "Exam period with ID {id} deleted successfully" | T59: O
D60: "User does not have permission to delete exam period {id}" | U60: O
D61: "Failed to delete exam period: Exam period with ID {id} not found" | V61: O
D63: "Retrieved exam period details for ID {id} successfully" | F63: O
D64: "Invalid request parameters for getting exam period {id}" | G64: O
D65: "User does not have permission to access exam period {id}" | H65: O
D66: "Exam period with ID {id} not found" | I66: O
A72: Result | B72: Type(N : Normal, A : Abnormal, B : Boundary) | F72: N | G72: A | H72: A | I72: A | J72: N | K72: A | L72: A | M72: A | N72: A | O72: N | P72: A | Q72: A | R72: A | S72: A | T72: N | U72: A | V72: A
B73: Passed/Failed | F73: P | G73: P | H73: P | I73: P | J73: P | K73: P | L73: P | M73: P | N73: P | O73: P | P73: P | Q73: P | R73: P | S73: P | T73: P | U73: P | V73: P
B74: Executed Date | F74: 45721 | G74: 45721 | H74: 45721 | I74: 45721 | J74: 45721 | K74: 45721 | L74: 45721 | M74: 45721 | N74: 45721 | O74: 45721 | P74: 45721 | Q74: 45721 | R74: 45721 | S74: 45721 | T74: 45721 | U74: 45721 | V74: 45721
B75: Defect ID

Sheet FE-36
A2: Function Code | C2: FE-36 | F2: Function Name | L2: FE-36_Set exam period as the current default exam period
A3: Created By | C3: TuanND | F3: Executed By | L3: TuanND
A4: Lines of code | C4: 100 | F4: Lack of test cases | L4: =IF(Functions!E6<>"N/A",SUM(C4*Functions!E6/1000,-O7),"N/A") -> -2
A5: Test requirement | C5: N/A
A6: Passed | C6: Failed | F6: Untested | L6: N/A/B | O6: Total Test Cases
A7: =COUNTIF(F37:HQ37,"P") -> 4 | C7: =COUNTIF(F37:HQ37,"F") -> 0 | F7: =SUM(O7,-A7,-C7) -> 0 | L7: =COUNTIF(E36:HQ36,"N") -> 1 | M7: =COUNTIF(E36:HQ36,"A") -> 3 | N7: =COUNTIF(E36:HQ36,"B") -> 0 | O7: =COUNTA(E9:HT9) -> 4
F9: UTCID01 | G9: UTCID02 | H9: UTCID03 | I9: UTCID04
A10: Condition | B10: Precondition
D11: Authorized | F11: O | G11: O | H11: O
D12: At least 1 exam period records in the database | F12: O | G12: O | H12: O
B14: HTTP Method
D15: POST | F15: O | G15: O | H15: O | I15: O
B16: API Endpoint
B17: api/exam-period/current/{id} | F17: O | G17: O | H17: O | I17: O
B19: Input
B20: id
B21: {exist ID} | F21: O | I21: O
B22: {non-existed ID} | G22: O
D23: abc | H23: O
A25: Confirm | B25: Return
D26: 200 success | F26: O
D27: 400 Bad request | G27: O | H27: O
D28: 401 Unauthorized | I28: O
B29: Exception
B31: Log message
D32: "successfully set exam period as curren period" | F32: O
D33: "Exam period not found" | G33: O
D34: "User do not have permission to do this" | I34: O
D35: "Exam period id is invalid" | H35: O
A36: Result | B36: Type(N : Normal, A : Abnormal, B : Boundary) | F36: N | G36: A | H36: A | I36: A
B37: Passed/Failed | F37: P | G37: P | H37: P | I37: P
B38: Executed Date | F38: 45765 | G38: 45765 | H38: 45765 | I38: 45765
B39: Defect ID

Sheet FE-37
A2: Function Code | C2: =Functions!E44 -> FE-37 | F2: Function Name | L2: =Functions!D44 -> FE-37_View the list of exam data import history for the exam period
A3: Created By | C3: AnhNN | F3: Executed By | L3: AnhNN
A4: Lines of code | C4: 100 | F4: Lack of test cases | L4: =IF(Functions!E6<>"N/A",SUM(C4*Functions!E6/1000,-O7),"N/A") -> -4
A5: Test requirement | C5: N/A
A6: Passed | C6: Failed | F6: Untested | L6: N/A/B | O6: Total Test Cases
A7: =COUNTIF(F38:HQ38,"P") -> 6 | C7: =COUNTIF(F38:HQ38,"F") -> 0 | F7: =SUM(O7,-A7,-C7) -> 0 | L7: =COUNTIF(E37:HQ37,"N") -> 3 | M7: =COUNTIF(E37:HQ37,"A") -> 3 | N7: =COUNTIF(E37:HQ37,"B") -> 0 | O7: =COUNTA(E9:HT9) -> 6
F9: UTCID01 | G9: UTCID02 | H9: UTCID03 | I9: UTCID04 | J9: UTCID05 | K9: UTCID06
A10: Condition | B10: Precondition
D11: Authorized | F11: O | G11: O | H11: O | I11: O | K11: O
B12: UserRole=EXAMINERUserRole=EXAMINER | F12: O | G12: O | H12: O | I12: O | K12: O
B13: HTTP Method
D14: GET | F14: O | G14: O | H14: O | I14: O | J14: O | K14: O
B15: API Endpoint
B16: api/exam-schedule/all-jobs?PeriodId={guid} | F16: O | K16: O
B17: api/exam-schedule/all-jobs?PageNumber=0&PageSize=20&PeriodId={guid} | G17: O
B18: /api/exam-schedule/all-jobs?PageNumber=0&PageSize=10&SortBy=FullName&SortOrder=1&PeriodId={guid} | H18: O
B19: /api/exam-schedule/all-jobs?PageNumber=-1&PeriodId={guid} | I19: O
B20: /api/exam-schedule/all-jobs?PageSize=abc&PeriodId={guid} | J20: O
D21: api/exam-schedule/all-jobs | K21: O
A23: Confirm | B23: Return
D24: 200: Success with 10 records | F24: O
D25: 200: Success with 20 records | G25: O
D26: 200: Success with 10 records is sorted | H26: O
D27: 400: Bad Request | I27: O | K27: O
D28: 401: Unauthorized | J28: O
D29: 404 : Not Found
B30: Log message
D31: "Get List of quota successfully" | F31: O | G31: O | H31: O
D32: "Invalid request parameters for getting list of quota" | I32: O | K32: O
D33: "User does not have permission to access the list of quota" | J33: O
A37: Result | B37: Type(N : Normal, A : Abnormal, B : Boundary) | F37: N | G37: N | H37: N | I37: A | J37: A | K37: A
B38: Passed/Failed | F38: P | G38: P | H38: P | I38: P | J38: P | K38: P
B39: Executed Date | F39: 45757 | G39: 45757 | H39: 45757 | I39: 45757 | J39: 45757 | K39: 45757
B40: Defect ID

Sheet FE-38
A2: Function Code | C2: =Functions!E45 -> FE-38 | E2: Function Name | K2: FE-38_Import the list of exam rooms for the exam period FE via the Excel file
A3: Created By | C3: AnhNN | E3: Executed By | K3: AnhNN
A4: Lines of code | C4: 100 | E4: Lack of test cases | K4: =IF(Functions!E6<>"N/A",SUM(C4*Functions!E6/1000,-N7),"N/A") -> -5
A5: Test requirement | C5: N/A
A6: Passed | C6: Failed | E6: Untested | K6: N/A/B | N6: Total Test Cases
A7: =COUNTIF(E46:HP46,"P") -> 7 | C7: =COUNTIF(E46:HP46,"F") -> 0 | E7: =SUM(N7,-A7,-C7) -> 0 | K7: =COUNTIF(E45:HP45,"N") -> 1 | L7: =COUNTIF(E45:HP45,"A") -> 6 | M7: =COUNTIF(E45:HP45,"B") -> 0 | N7: =COUNTA(E9:HS9) -> 7
E9: UTCID01 | F9: UTCID02 | G9: UTCID03 | H9: UTCID04 | I9: UTCID05 | J9: UTCID06 | K9: UTCID07
A10: Condition | B10: Precondition
D11: Authorized | E11: O | F11: O | H11: O | I11: O | J11: O | K11: O
B12: UserRole=EXAMINERUserRole=EXAMINER | E12: O | F12: O | H12: O | I12: O | J12: O | K12: O
B14: HTTP Method
D15: POST | E15: O | F15: O | G15: O | H15: O | I15: O | J15: O | K15: O
B16: API Endpoint
D17: /api/exam-schedule/import-fe | E17: O | F17: O | G17: O | H17: O | I17: O | J17: O | K17: O
B18: Input
B19: file
D20: Generate(Roll+GroupName): DS180056IB18D03 Roll: 180056 Groupname: IB18D03 Name: Lê Thiện Ân Subject: IBC201 Day: 10/20/2024 Slot: 1 Time: 09:10 to 10:10 Room: Gamma 302 RealSubject: IBC201 DateMark: 10/23/2024 Exam format: EOS ExamType: FE | E20: O | G20: O
D22: Generate(Roll+GroupName): DS180056IB18D03 Roll: 180056 Groupname: IB18D03 Name: Lê Thiện Ân Subject: AI123 Day: 10/20/2024 Slot: 1 Time: 09:10 to 10:10 Room: Gamma 10023 RealSubject: AI123 DateMark: 10/23/2024 Exam format: 123 ExamType: 124 | F22: O
D24: Generate(Roll+GroupName): Groupname: Name: Subject: Day: Slot: Time: Room: RealSubject: DateMark: Exam format: ExamType: | J24: O
D25: Generate(Roll+GroupName): DS180056IB18D03 Roll: 180056 Groupname: IB18D03 Name: Lê Thiện Ân Subject: IBC201 Day: 2024/12/30 Slot: 1 Time: 09h10 to 10h10 Room: Gamma 302 RealSubject: IBC201 DateMark: 10/23/2024 Exam format: EOS ExamType: FE | K25: O
D27: UserName: Nguyen Nhat Anh Roll: DE170283 GroupName: IB18D03 | H27: O
B29: File TemplateUpFap.pdf | I29: O
A30: Confirm | B30: Return
D31: 200 Success | E31: O | F31: O | H31: O
D32: 400 Bad request | I32: O | J32: O
D33: 401 Unauthorized | G33: O
B34: Log message
D35: Import successfully | E35: O | K35: O
D36: Import failed: Invalid import file | F36: O | J36: O
D37: Course AI123 not exist in the database | F37: O
D38: Room Gamma10023 not exist in the database | F38: O
D39: Exam format 123 not exist in the database | F39: O
D40: Exam type 124 not exist in the database | F40: O
D41: File format without template | H41: O
B42: $"Error at row {row}: Day '{day}' is not in the correct format dd/MM/yyyy or d/M/yyyy." | K42: O
B43: $"Error at row {row}: Time '{time}' is not in the correct format hh:mm to hh:mm." | K43: O
D44: Invalid authorization | G44: O
A45: Result | B45: Type(N : Normal, A : Abnormal, B : Boundary) | E45: N | F45: A | G45: A | H45: A | I45: A | J45: A | K45: A
B46: Passed/Failed | E46: P | F46: P | G46: P | H46: P | I46: P | J46: P | K46: P
B47: Executed Date | E47: 45757 | F47: 45757 | G47: 45757 | H47: 45812 | I47: 45813 | J47: 45814 | K47: 45815
B48: Defect ID

Sheet FE-39
A2: Function Code | C2: =Functions!E46 -> FE-39 | E2: Function Name | K2: FE-39_Import the list of exam rooms for the exam period 2NDFE via the Excel file
A3: Created By | C3: AnhNN | E3: Executed By | K3: AnhNN
A4: Lines of code | C4: 100 | E4: Lack of test cases | K4: =IF(Functions!E6<>"N/A",SUM(C4*Functions!E6/1000,-N7),"N/A") -> -6
A5: Test requirement | C5: N/A
A6: Passed | C6: Failed | E6: Untested | K6: N/A/B | N6: Total Test Cases
A7: =COUNTIF(E48:HP48,"P") -> 8 | C7: =COUNTIF(E48:HP48,"F") -> 0 | E7: =SUM(N7,-A7,-C7) -> 0 | K7: =COUNTIF(E47:HP47,"N") -> 1 | L7: =COUNTIF(E47:HP47,"A") -> 7 | M7: =COUNTIF(E47:HP47,"B") -> 0 | N7: =COUNTA(E9:HS9) -> 8
E9: UTCID01 | F9: UTCID02 | G9: UTCID03 | H9: UTCID04 | I9: UTCID05 | J9: UTCID06 | K9: UTCID07 | L9: UTCID08
A10: Condition | B10: Precondition
D11: Authorized | E11: O | F11: O | H11: O | I11: O | J11: O | K11: O | L11: O
B12: UserRole=EXAMINERUserRole=EXAMINER | E12: O | F12: O | H12: O | I12: O | J12: O | K12: O | L12: O
B14: HTTP Method
D15: POST | E15: O | F15: O | G15: O | H15: O | I15: O | J15: O | K15: O | L15: O
B16: API Endpoint
D17: /api/exam-schedule/import-fe | E17: O | F17: O | G17: O | H17: O | I17: O | J17: O | K17: O | L17: O
B18: Input
B19: file
D20: Generate(Roll+GroupName): DS180056IB18D03 Roll: 180056 Groupname: IB18D03 Name: Lê Thiện Ân Subject: IBC201 Day: 10/20/2024 Slot: 1 Time: 09:10 to 10:10 Room: Gamma 302 RealSubject: IBC201 DateMark: 10/23/2024 Exam format: EOS ExamType: 2NDFE | E20: O | G20: O
D22: Generate(Roll+GroupName): DS180056IB18D03 Roll: 180056 Groupname: IB18D03 Name: Lê Thiện Ân Subject: AI123 Day: 10/20/2024 Slot: 1 Time: 09:10 to 10:10 Room: Gamma 10023 RealSubject: AI123 DateMark: 10/23/2024 Exam format: 123 ExamType: 124 | F22: O
D24: Generate(Roll+GroupName): DS180056IB18D03 Roll: 180056 Groupname: IB18D03 Name: Lê Thiện Ân Subject: IBC201 Day: 10/20/2024 Slot: 1 Time: 09:10 to 10:10 Room: Gamma 302 RealSubject: IBC201 DateMark: 10/23/2024 Exam format: EOS ExamType: FE | K24: O
D25: Generate(Roll+GroupName): Groupname: Name: Subject: Day: Slot: Time: Room: RealSubject: DateMark: Exam format: ExamType: | J25: O
D26: Generate(Roll+GroupName): DS180056IB18D03 Roll: 180056 Groupname: IB18D03 Name: Lê Thiện Ân Subject: IBC201 Day: 2024/12/30 Slot: 1 Time: 09h10 to 10h10 Room: Gamma 302 RealSubject: IBC201 DateMark: 10/23/2024 Exam format: EOS ExamType: FE | L26: O
D28: UserName: Nguyen Nhat Anh Roll: DE170283 GroupName: IB18D03 | H28: O
B30: File TemplateUpFap.pdf | I30: O
A31: Confirm | B31: Return
D32: 200 Success | E32: O | F32: O | H32: O | K32: O
D33: 400 Bad request | I33: O | J33: O
D34: 401 Unauthorized | G34: O
B35: Log message
D36: Import successfully | E36: O
D37: Import failed: Invalid import file | F37: O | J37: O | K37: O | L37: O
D38: Course AI123 not exist in the database | F38: O
D39: Room Gamma10023 not exist in the database | F39: O
D40: Exam format 123 not exist in the database | F40: O
D41: Exam type 124 not exist in the database | F41: O
D42: File format without template | H42: O
B43: Error at row {row}: ExamType '{examType}' must have the value '2NDFE'. | K43: O
B44: $"Error at row {row}: Day '{day}' is not in the correct format dd/MM/yyyy or d/M/yyyy." | L44: O
B45: $"Error at row {row}: Time '{time}' is not in the correct format hh:mm to hh:mm." | L45: O
D46: Invalid authorization | G46: O
A47: Result | B47: Type(N : Normal, A : Abnormal, B : Boundary) | E47: N | F47: A | G47: A | H47: A | I47: A | J47: A | K47: A | L47: A
B48: Passed/Failed | E48: P | F48: P | G48: P | H48: P | I48: P | J48: P | K48: P | L48: P
B49: Executed Date | E49: 45757 | F49: 45757 | G49: 45757 | H49: 45812 | I49: 45813 | J49: 45814 | K49: 45815 | L49: 45816
B50: Defect ID

Sheet FE-40
A2: Function Code | C2: =Functions!E47 -> FE-40 | E2: Function Name | K2: FE-40_Import the list of registration quotas in the semester
A3: Created By | C3: AnhNN | E3: Executed By | K3: AnhNN
A4: Lines of code | C4: 100 | E4: Lack of test cases | K4: =IF(Functions!E6<>"N/A",SUM(C4*Functions!E6/1000,-N7),"N/A") -> -1
A5: Test requirement | C5: N/A
A6: Passed | C6: Failed | E6: Untested | K6: N/A/B | N6: Total Test Cases
A7: =COUNTIF(E31:HP31,"P") -> 3 | C7: =COUNTIF(E31:HP31,"F") -> 0 | E7: =SUM(N7,-A7,-C7) -> 0 | K7: =COUNTIF(E30:HP30,"N") -> 1 | L7: =COUNTIF(E30:HP30,"A") -> 2 | M7: =COUNTIF(E30:HP30,"B") -> 0 | N7: =COUNTA(E9:HS9) -> 3
E9: UTCID01 | F9: UTCID02 | G9: UTCID03
A10: Condition | B10: Precondition
D11: Authorized | E11: O | F11: O
B13: HTTP Method
D14: POST | E14: O | F14: O | G14: O
B15: API Endpoint
D16: /api/quotas/import | E16: O | F16: O | G16: O
B17: Input
B18: file
D19: Imported file follows the template | E19: O | G19: O
D20: Imported file does not follow the template | F20: O
A22: Confirm | B22: Return
D23: 200 Success | E23: O
D24: 400 Bad request | F24: O
D25: 401 Unauthorized | G25: O
B26: Log message
D27: Import successfully | E27: O
D28: Import failed: Invalid import file | F28: O
D29: Invalid authorization | G29: O
A30: Result | B30: Type(N : Normal, A : Abnormal, B : Boundary) | E30: N | F30: A | G30: A
B31: Passed/Failed | E31: P | F31: P | G31: P
B32: Executed Date | E32: 45757 | F32: 45757 | G32: 45757
B33: Defect ID

Sheet FE-41
A2: Function Code | C2: =Functions!E48 -> FE-41 | F2: Function Name | L2: FE-41_View the list of registration quotas for the exam periods in the semester
A3: Created By | C3: AnhNN | F3: Executed By | L3: AnhNN
A4: Lines of code | C4: 100 | F4: Lack of test cases | L4: =IF(Functions!E6<>"N/A",SUM(C4*Functions!E6/1000,-O7),"N/A") -> -4
A5: Test requirement | C5: N/A
A6: Passed | C6: Failed | F6: Untested | L6: N/A/B | O6: Total Test Cases
A7: =COUNTIF(F36:HQ36,"P") -> 6 | C7: =COUNTIF(F36:HQ36,"F") -> 0 | F7: =SUM(O7,-A7,-C7) -> 0 | L7: =COUNTIF(E35:HQ35,"N") -> 3 | M7: =COUNTIF(E35:HQ35,"A") -> 3 | N7: =COUNTIF(E35:HQ35,"B") -> 0 | O7: =COUNTA(E9:HT9) -> 6
F9: UTCID01 | G9: UTCID02 | H9: UTCID03 | I9: UTCID04 | J9: UTCID05 | K9: UTCID06
A10: Condition | B10: Precondition
D11: Authorized | F11: O | G11: O | H11: O | I11: O | K11: O
B12: UserRole=EXAMINERUserRole=EXAMINER | F12: O | G12: O | H12: O | I12: O | K12: O
B13: HTTP Method
D14: GET | F14: O | G14: O | H14: O | I14: O | J14: O | K14: O
B15: API Endpoint
B16: api/quotas?PeriodId={guid} | F16: O | K16: O
B17: api/quotas?PageNumber=0&PageSize=20&PeriodId={guid} | G17: O
B18: /api/quotas?PageNumber=0&PageSize=10&SortBy=FullName&SortOrder=1&PeriodId={guid} | H18: O
B19: /api/quotas?PageNumber=-1&PeriodId={guid} | I19: O
B20: /api/quotas?PageSize=abc&PeriodId={guid} | J20: O
D21: api/quotas | K21: O
A23: Confirm | B23: Return
D24: 200: Success with 10 records | F24: O
D25: 200: Success with 20 records | G25: O
D26: 200: Success with 10 records is sorted | H26: O
D27: 400: Bad Request | I27: O | K27: O
D28: 401: Unauthorized | J28: O
D29: 404 : Not Found
B30: Log message
B31: Get result successful | F31: O
B32: User do not have permission to do this | J32: O
A35: Result | B35: Type(N : Normal, A : Abnormal, B : Boundary) | F35: N | G35: N | H35: N | I35: A | J35: A | K35: A
B36: Passed/Failed | F36: P | G36: P | H36: P | I36: P | J36: P | K36: P
B37: Executed Date | F37: 45757 | G37: 45757 | H37: 45757 | I37: 45757 | J37: 45757 | K37: 45757
B38: Defect ID

Sheet FE-42
A2: Function Code | C2: =Functions!E49 -> FE-42 | F2: Function Name | L2: FE-42_Update quota for the selected user
A3: Created By | C3: AnhNN | F3: Executed By | L3: AnhNN
A4: Lines of code | C4: 100 | F4: Lack of test cases
A5: Test requirement | C5: N/A
A6: Passed | C6: Failed | F6: Untested | L6: N/A/B | O6: Total Test Cases
A7: =COUNTIF(F36:HQ36,"P") -> 5 | C7: =COUNTIF(F36:HQ36,"F") -> 0 | F7: =SUM(O7,-A7,-C7) -> 0 | L7: =COUNTIF(E35:HQ35,"N") -> 1 | M7: =COUNTIF(E35:HQ35,"A") -> 4 | N7: =COUNTIF(E35:HQ35,"B") -> 0 | O7: =COUNTA(E9:HT9) -> 5
F9: UTCID01 | G9: UTCID02 | H9: UTCID03 | I9: UTCID04 | J9: UTCID05
A10: Condition | B10: Precondition
D11: Authorized | F11: O | G11: O | H11: O
B12: User must be authenticated and authorized with role: EXAMINER, MANAGER, or equivalent that has permission to assign supervisors | F12: O | G12: O | H12: O
B14: HTTP Method
D15: PATCH | F15: O | G15: O | H15: O | I15: O
B16: API Endpoint
B17: api/quotas/{id} | F17: O | I17: O
B18: api/quotas/12312 | G18: O
D19: api/quotas/{invalid} | H19: O
B20: Input
B21: quotas valid | F21: O
A26: Confirm | B26: Return
D27: 200: Quota user is updated | F27: O
D28: 400: Bad Request | G28: O
D29: 401: Unauthorized | I29: O
D30: 404 : Not Found | H30: O
B31: Exception
B33: Message log
A35: Result | B35: Type(N : Normal, A : Abnormal, B : Boundary) | F35: N | G35: A | H35: A | I35: A | J35: A
B36: Passed/Failed | F36: P | G36: P | H36: P | I36: P | J36: P
B37: Executed Date | F37: 45757 | G37: 45757 | H37: 45757 | I37: 45757 | J37: 45757
B38: Defect ID

Sheet FE-43
A2: Function Code | C2: =Functions!E53 -> FE-46 | F2: Function Name | L2: FE-46_CRUD exam room in exam period
A3: Created By | C3: QuangTVD | F3: Executed By | L3: QuangTVD
A4: Lines of code | C4: 100 | F4: Lack of test cases | L4: =IF(Functions!E6<>"N/A",SUM(C4*Functions!E6/1000,-O7),"N/A") -> -4
A5: Test requirement | C5: N/A
A6: Passed | C6: Failed | F6: Untested | L6: N/A/B | O6: Total Test Cases
A7: =COUNTIF(F32:HQ32,"P") -> 6 | C7: =COUNTIF(F32:HQ32,"F") -> 0 | F7: =SUM(O7,-A7,-C7) -> 0 | L7: =COUNTIF(E31:HQ31,"N") -> 3 | M7: =COUNTIF(E31:HQ31,"A") -> 3 | N7: =COUNTIF(E31:HQ31,"B") -> 0 | O7: =COUNTA(E9:HT9) -> 6
F9: UTCID01 | G9: UTCID02 | H9: UTCID03 | I9: UTCID04 | J9: UTCID05 | K9: UTCID06
A10: Condition | B10: Precondition
D11: Authorized | F11: O | G11: O | H11: O | I11: O | K11: O
B12: UserRole=EXAMINER | F12: O | G12: O | H12: O | I12: O | K12: O
B13: HTTP Method
D14: GET | F14: O | G14: O | H14: O | I14: O | J14: O | K14: O
B15: API Endpoint
B16: api/exams?PeriodId={guid} | F16: O | K16: O
B17: api/exams?PageNumber=0&PageSize=20&PeriodId={guid} | G17: O
B18: /api/exams?PageNumber=0&PageSize=10&SortBy=FullName&SortOrder=1&PeriodId={guid} | H18: O
B19: /api/exams?PageNumber=-1&PeriodId={guid} | I19: O
B20: /api/exams?PageSize=abc&PeriodId={guid} | J20: O
D21: api/exams | K21: O
A23: Confirm | B23: Return
D24: 200: Success with 10 records | F24: O
D25: 200: Success with 20 records | G25: O
D26: 200: Success with 10 records is sorted | H26: O
D27: 400: Bad Request | I27: O | K27: O
D28: 401: Unauthorized | J28: O
D29: 404 : Not Found
A31: Result | B31: Type(N : Normal, A : Abnormal, B : Boundary) | F31: N | G31: N | H31: N | I31: A | J31: A | K31: A
B32: Passed/Failed | F32: P | G32: P | H32: P | I32: P | J32: P | K32: P
B33: Executed Date | F33: 45757 | G33: 45757 | H33: 45757 | I33: 45757 | J33: 45757 | K33: 45757
B34: Defect ID

Sheet FE-44
A2: Function Code | C2: =Functions!E51 -> FE-44 | F2: Function Name | L2: FE-44_View the exam schedule of a student
A3: Created By | C3: TuanND | F3: Executed By | L3: TuanND
A4: Lines of code | C4: 100 | F4: Lack of test cases | L4: 0
A5: Test requirement | C5: N/A
A6: Passed | C6: Failed | F6: Untested | L6: N/A/B | O6: Total Test Cases
A7: =COUNTIF(F31:HQ31,"P") -> 4 | C7: =COUNTIF(F31:HQ31,"F") -> 0 | F7: =SUM(O7,-A7,-C7) -> 0 | L7: =COUNTIF(E30:HQ30,"N") -> 4 | M7: =COUNTIF(E30:HQ30,"A") -> 0 | N7: =COUNTIF(E30:HQ30,"B") -> 0 | O7: =COUNTA(E9:HT9) -> 4
F9: UTCID01 | G9: UTCID02 | H9: UTCID03 | I9: UTCID04
A10: Condition | B10: Precondition
D11: Authorized | F11: O | G11: O | I11: O
B12: HTTP Method
D13: GET | F13: O | G13: O | H13: O | I13: O
B14: API Endpoint
B15: /api/students/{id}/exams | F15: O | H15: O
B16: /api/students/{id}/{invalid} | G16: O
B17: /api/students/abc/exams | I17: O
A19: Confirm | B19: Return
D20: 200: Success with data | F20: O
D21: 400: Bad Request | G21: O
D22: 401: Unauthorized | H22: O
D23: 404 : Not Found | I23: O
B24: Log message
D25: "Get data successfully" | F25: O
D26: "{id} invalid" | G26: O
D27: "Unauthorized" | H27: O
D28: "Url not found" | I28: O
A30: Result | B30: Type(N : Normal, A : Abnormal, B : Boundary) | F30: N | G30: N | H30: N | I30: N
B31: Passed/Failed | F31: P | G31: P | H31: P | I31: P
B32: Executed Date | F32: 45757 | G32: 45757 | H32: 45757 | I32: 45757
B33: Defect ID

Sheet FE-45
A2: Function Code | C2: =Functions!E52 -> FE-45 | F2: Function Name | L2: FE-45_View the list of exam rooms in the exam period
A3: Created By | C3: QuangTVD | F3: Executed By | L3: QuangTVD
A4: Lines of code | C4: 100 | F4: Lack of test cases | L4: =IF(Functions!E6<>"N/A",SUM(C4*Functions!E6/1000,-O7),"N/A") -> -4
A5: Test requirement | C5: N/A
A6: Passed | C6: Failed | F6: Untested | L6: N/A/B | O6: Total Test Cases
A7: =COUNTIF(F32:HQ32,"P") -> 6 | C7: =COUNTIF(F32:HQ32,"F") -> 0 | F7: =SUM(O7,-A7,-C7) -> 0 | L7: =COUNTIF(E31:HQ31,"N") -> 3 | M7: =COUNTIF(E31:HQ31,"A") -> 3 | N7: =COUNTIF(E31:HQ31,"B") -> 0 | O7: =COUNTA(E9:HT9) -> 6
F9: UTCID01 | G9: UTCID02 | H9: UTCID03 | I9: UTCID04 | J9: UTCID05 | K9: UTCID06
A10: Condition | B10: Precondition
D11: Authorized | F11: O | G11: O | H11: O | I11: O | K11: O
B12: UserRole=EXAMINER | F12: O | G12: O | H12: O | I12: O | K12: O
B13: HTTP Method
D14: GET | F14: O | G14: O | H14: O | I14: O | J14: O | K14: O
B15: API Endpoint
B16: api/exam-rooms?PeriodId={guid} | F16: O | K16: O
B17: api/exam-rooms?PageNumber=0&PageSize=20&PeriodId={guid} | G17: O
B18: /api/exam-rooms?PageNumber=0&PageSize=10&SortBy=FullName&SortOrder=1&PeriodId={guid} | H18: O
B19: /api/exam-rooms?PageNumber=-1&PeriodId={guid} | I19: O
B20: /api/exam-rooms?PageSize=abc&PeriodId={guid} | J20: O
D21: api/exam-rooms | K21: O
A23: Confirm | B23: Return
D24: 200: Success with 10 records | F24: O
D25: 200: Success with 20 records | G25: O
D26: 200: Success with 10 records is sorted | H26: O
D27: 400: Bad Request | I27: O | K27: O
D28: 401: Unauthorized | J28: O
D29: 404 : Not Found
A31: Result | B31: Type(N : Normal, A : Abnormal, B : Boundary) | F31: N | G31: N | H31: N | I31: A | J31: A | K31: A
B32: Passed/Failed | F32: P | G32: P | H32: P | I32: P | J32: P | K32: P
B33: Executed Date | F33: 45757 | G33: 45757 | H33: 45757 | I33: 45757 | J33: 45757 | K33: 45757
B34: Defect ID

Sheet FE-46
A2: Function Code | C2: =Functions!E53 -> FE-46 | F2: Function Name | L2: FE-46_CRUD exam room in exam period
A3: Created By | C3: QuangTVD | F3: Executed By | L3: QuangTVD
A4: Lines of code | C4: 100 | F4: Lack of test cases | L4: =IF(Functions!E6<>"N/A",SUM(C4*Functions!E6/1000,-O7),"N/A") -> -8
A5: Test requirement | C5: N/A
A6: Passed | C6: Failed | F6: Untested | L6: N/A/B | O6: Total Test Cases
A7: =COUNTIF(F67:HQ67,"P") -> 10 | C7: =COUNTIF(F67:HQ67,"F") -> 0 | F7: =SUM(O7,-A7,-C7) -> 0 | L7: =COUNTIF(E66:HQ66,"N") -> 3 | M7: =COUNTIF(E66:HQ66,"A") -> 7 | N7: =COUNTIF(E66:HQ66,"B") -> 0 | O7: =COUNTA(E9:HT9) -> 10
F9: UTCID01 | G9: UTCID02 | H9: UTCID03 | I9: UTCID04 | J9: UTCID05 | K9: UTCID06 | L9: UTCID07 | M9: UTCID08 | N9: UTCID09 | O9: UTCID10
A10: Condition | B10: Precondition
D11: Authorized | F11: O | G11: O | I11: O | J11: O | L11: O | M11: O | O11: O
B12: UserRole=EXAMINER | F12: O | G12: O | I12: O | J12: O | L12: O | M12: O | O12: O
B14: HTTP Method
D15: GET | F15: O | G15: O | H15: O
D16: POST | I16: O | J16: O | K16: O | L16: O
D18: DELETE | M18: O | N18: O | O18: O
B19: API Endpoint
B20: api/exam-rooms | I20: O | J20: O | K20: O | L20: O
B21: api/exam-rooms/{id} | F21: O | G21: O | H21: O | M21: O | N21: O | O21: O
B22: Input
B23: id
D24: {guid} | F24: O | H24: O | M24: O | N24: O
B25: non-existed {guid} | G25: O | O25: O
B26: roomId
D27: {null} | J27: O
D28: {guid} | I28: O | K28: O
C29: non-existed {guid} | L29: O
B30: examId
D31: {null} | J31: O
D32: {guid} | I32: O | K32: O
B33: non-existed {guid} | L33: O
B34: departmentId
B35: {null} | J35: O
D36: {guid} | I36: O | K36: O
B37: non-existed {guid} | L37: O
B38: isRegistrable
B39: receivedTime
B40: returnedTime
A42: Confirm | B42: Return
D43: 200: Successfully get 1 record with the id {id} | F43: O
D44: 200: Create successfully | I44: O
D45: 200: Update successfully
D46: 200: Dekete successfully | M46: O
D47: 400: Bad Request | G47: O | H47: O | J47: O | L47: O
D48: 401: Unauthorized | K48: O
D49: 404 : Not Found
B50: Exception
B52: Message log
D53: "Successfully get exam room with id {id} | F53: O
D54: "Get exam room with {id} failed" | G54: O
B55: "User does not have permision to get exam room with id {id} | H55: O
D57: "exam room created successfully" | I57: O
D58: "Failed to create exam room: Invalid request parameters" | J58: O
D59: "User does not have permission to create an exam room" | K59: O
B60: "The required IDs does not match the relationship" | L60: O
D62: "Exam room with ID {id} deleted successfully" | M62: O
D63: "User does not have permission to delete exam room {id}" | N63: O
B64: "Failed to delete exam room: Exam room with ID {id} not found" | O64: O
A66: Result | B66: Type(N : Normal, A : Abnormal, B : Boundary) | F66: N | G66: A | H66: A | I66: N | J66: A | K66: A | L66: A | M66: N | N66: A | O66: A
B67: Passed/Failed | F67: P | G67: P | H67: P | I67: P | J67: P | K67: P | L67: P | M67: P | N67: P | O67: P
B68: Executed Date | F68: 45757 | G68: 45757 | H68: 45757 | I68: 45757 | J68: 45757 | K68: 45757 | L68: 45757 | M68: 45757 | N68: 45757 | O68: 45757
B69: Defect ID

Sheet FE-47
A2: Function Code | C2: =Functions!E54 -> FE-47 | F2: Function Name | L2: FE-47_View the list of students in the exam room
A3: Created By | C3: QuangTVD | F3: Executed By | L3: QuangTVD
A4: Lines of code | C4: 100 | F4: Lack of test cases | L4: =IF(Functions!E6<>"N/A",SUM(C4*Functions!E6/1000,-O7),"N/A") -> -4
A5: Test requirement
A6: Passed | C6: Failed | F6: Untested | L6: N/A/B | O6: Total Test Cases
A7: =COUNTIF(F36:HQ36,"P") -> 6 | C7: =COUNTIF(F36:HQ36,"F") -> 0 | F7: =SUM(O7,-A7,-C7) -> 0 | L7: =COUNTIF(E35:HQ35,"N") -> 3 | M7: =COUNTIF(E35:HQ35,"A") -> 3 | N7: =COUNTIF(E35:HQ35,"B") -> 0 | O7: =COUNTA(E9:HT9) -> 6
F9: UTCID01 | G9: UTCID02 | H9: UTCID03 | I9: UTCID04 | J9: UTCID05 | K9: UTCID06
A10: Condition | B10: Precondition
D11: Authorized | F11: O | G11: O | H11: O | I11: O | K11: O
B12: Admin role | F12: O | G12: O | H12: O | I12: O | J12: O | K12: O
B13: HTTP Method
D14: GET | F14: O | G14: O | H14: O | I14: O | J14: O | K14: O
B15: API Endpoint
B16: api/exams?PeriodId={guid} | F16: O | K16: O
B17: api/exams?PageNumber=0&PageSize=20&PeriodId={guid} | G17: O
B18: /api/exams?PageNumber=0&PageSize=10&SortBy=FullName&SortOrder=1&PeriodId={guid} | H18: O
B19: /api/exams?PageNumber=-1&PeriodId={guid} | I19: O
B20: /api/exams?PageSize=abc&PeriodId={guid} | J20: O
D21: api/exams | K21: O
A23: Confirm | B23: Return
D24: 200: Success with 10 records | F24: O
D25: 200: Success with 20 records | G25: O
D26: 200: Success with 10 records is sorted | H26: O
D27: 400: Bad Request | I27: O
D28: 401: Unauthorized | J28: O
D29: 404 : Not Found | K29: O
B30: Log message
D31: "Get data successfully" | F31: O | G31: O | H31: O
D32: "{periodId} invalid" | I32: O
D33: "Url not found" | K33: O
D34: "Not authorized" | J34: O
A35: Result | B35: Type(N : Normal, A : Abnormal, B : Boundary) | F35: N | G35: N | H35: N | I35: A | J35: A | K35: A
B36: Passed/Failed | F36: P | G36: P | H36: P | I36: P | J36: P | K36: P
B37: Executed Date | F37: 45757 | G37: 45757 | H37: 45757 | I37: 45757 | J37: 45757 | K37: 45757
B38: Defect ID

Sheet FE-48
A2: Function Code | C2: =Functions!E55 -> FE-48 | F2: Function Name | L2: =Functions!D55 -> FE-48_Add students to the exam room
A3: Created By | C3: QuangTVD | F3: Executed By | L3: QuangTVD
A4: Lines of code | C4: 100 | F4: Lack of test cases | L4: 0
A5: Test requirement
A6: Passed | C6: Failed | F6: Untested | L6: N/A/B | O6: Total Test Cases
A7: =COUNTIF(E48:HQ48,"P") -> 5 | C7: =COUNTIF(F48:HQ48,"F") -> 0 | F7: 0 | L7: =COUNTIF(E47:HQ47,"N") -> 1 | M7: =COUNTIF(E47:HQ47,"A") -> 4 | N7: =COUNTIF(E47:HQ47,"B") -> 0 | O7: =COUNTA(E9:HT9) -> 5
E9: UTCID01 | F9: UTCID02 | G9: UTCID03 | H9: UTCID04 | I9: UTCID05
A10: Condition | B10: Precondition
D11: Authorized | E11: O | F11: O | G11: O | I11: O
D12: student is already exist | I12: O
D13: student is not exist | E13: O | F13: O | G13: O | H13: O
D14: student "de170076" is already exist
B15: HTTP Method
D16: POST | E16: O | F16: O | G16: O | H16: O | I16: O
B17: API Endpoint
B18: api/students/:id
B19: api/students | E19: O | F19: O | G19: O | H19: O | I19: O
B21: Input
B22: id
B23: {guid}
B24: abc
B25: code
D26: de170076 | E26: O | G26: O | H26: O | I26: O
D27: de99999 | F27: O
D28: de10
A30: Confirm | B30: Return
D31: 200: Success with 1 record have {id}
D32: 200: Success
D33: 201: Created | E33: O
D34: 400: Bad Request | F34: O | G34: O
D35: 403: No Permision | H35: O
D36: 404 : Not Found
D37: 409: Conflict | I37: O
B38: Exception
B40: Log message
D41: "Student created successfully" | E41: O
D42: "Failed to create student: Invalid request parameters" | F42: O | G42: O
D43: "User does not have permission to create a student" | H43: O
D44: "Failed to create student: Student name '{name}' already exists" | I44: O
A47: Result | B47: Type(N : Normal, A : Abnormal, B : Boundary) | E47: N | F47: A | G47: A | H47: A | I47: A
B48: Passed/Failed | E48: P | F48: P | G48: P | H48: P | I48: P
B49: Executed Date | E49: 45721 | F49: 39143 | G49: 39144 | H49: 39145 | I49: 45390
B50: Defect ID

Sheet FE-49
A2: Function Code | C2: FE-49 | E2: Function Name | K2: FE-49_Remove students from the exam room
A3: Created By | C3: TuanND | E3: Executed By | K3: TuanND
A4: Lines of code | C4: 100 | E4: Lack of test cases | K4: 0
A5: Test requirement | C5: N/A
A6: Passed | C6: Failed | E6: Untested | K6: N/A/B | N6: Total Test Cases
A7: =COUNTIF(E48:HT48,"P") -> 3 | C7: =COUNTIF(E48:HT48,"F") -> 0 | E7: =SUM(N7,-A7,-C7) -> 0 | K7: =COUNTIF(E47:HT47,"N") -> 1 | L7: =COUNTIF(E47:HT47,"A") -> 2 | M7: =COUNTIF(E47:HT47,"B") -> 0 | N7: =COUNTA(E9:HW9) -> 3
E9: UTCID15 | F9: UTCID16 | G9: UTCID17
A10: Condition | B10: Precondition
D11: Authorized | E11: O | G11: O
D12: student is already exist | E12: O | F12: O
D13: student is not exist | G13: O
D14: student "de170076" is already exist
B15: HTTP Method
D16: DELETE | E16: O | F16: O | G16: O
B17: API Endpoint
B18: api/students/:id | E18: O | F18: O | G18: O
B19: api/students
B21: Input
B22: id
B23: {guid} | E23: O | F23: O | G23: O
B24: abc
B25: code
D26: de170076
D27: de99999
D28: de10
A30: Confirm | B30: Return
D31: 200: Success with 1 record have {id}
D32: 200: Success | E32: O
D33: 201: Created
D34: 400: Bad Request
D35: 403: No Permision | F35: O
D36: 404 : Not Found | G36: O
D37: 409: Conflict
B38: Exception
B40: Log message
D42: "Student with ID {id} deleted successfully" | E42: O
D43: "User does not have permission to delete student {id}" | F43: O
D44: "Failed to delete student: Student with ID {id} not found" | G44: O
A47: Result | B47: Type(N : Normal, A : Abnormal, B : Boundary) | E47: N | F47: A | G47: A
B48: Passed/Failed | E48: P | F48: P | G48: P
B49: Executed Date | E49: 45390 | F49: 45390 | G49: 45390
B50: Defect ID

Sheet FE-50
A2: Function Code | C2: =Functions!E57 -> FE-50 | F2: Function Name | L2: FE-50_View the list of exam registrations (exam rooms, exam times, status, etc.).
A3: Created By | C3: TuanND | F3: Executed By | L3: TuanND
A4: Lines of code | C4: 100 | F4: Lack of test cases | L4: 0
A5: Test requirement
A6: Passed | C6: Failed | F6: Untested | L6: N/A/B | O6: Total Test Cases
A7: =COUNTIF(F35:HQ35,"P") -> 6 | C7: =COUNTIF(F35:HQ35,"F") -> 0 | F7: =SUM(O7,-A7,-C7) -> 0 | L7: =COUNTIF(E34:HQ34,"N") -> 3 | M7: =COUNTIF(E34:HQ34,"A") -> 3 | N7: =COUNTIF(E34:HQ34,"B") -> 0 | O7: =COUNTA(E9:HT9) -> 6
F9: UTCID01 | G9: UTCID02 | H9: UTCID03 | I9: UTCID04 | J9: UTCID05 | K9: UTCID06
A10: Condition | B10: Precondition
D11: Authorized | F11: O | G11: O | H11: O | I11: O | K11: O
B12: HTTP Method
D13: GET | F13: O | G13: O | H13: O | I13: O | J13: O | K13: O
B14: API Endpoint
B15: api/exam-registration?PeriodId={guid} | F15: O | K15: O
B16: api/exam-registration?PageNumber=0&PageSize=20&PeriodId={guid} | G16: O
B17: /api/exam-registration?PageNumber=0&PageSize=10&SortBy=FullName&SortOrder=1&PeriodId={guid} | H17: O
B18: /api/exam-registration?PageNumber=-1&PeriodId={guid} | I18: O
B19: /api/exam-registration?PageSize=abc&PeriodId={guid} | J19: O
D20: api/exam-registration | K20: O
A22: Confirm | B22: Return
D23: 200: Success with 10 records | F23: O
D24: 200: Success with 20 records | G24: O
D25: 200: Success with 10 records is sorted | H25: O
D26: 400: Bad Request | I26: O
D27: 401: Unauthorized | J27: O
D28: 404 : Not Found | K28: O
B29: Log message
D30: "Get data successfully" | F30: O | G30: O | H30: O
D31: "{assignId} invalid" | I31: O
D32: "Url not found" | K32: O
D33: "Not authorized" | J33: O
A34: Result | B34: Type(N : Normal, A : Abnormal, B : Boundary) | F34: N | G34: N | H34: N | I34: A | J34: A | K34: A
B35: Passed/Failed | F35: P | G35: P | H35: P | I35: P | J35: P | K35: P
B36: Executed Date | F36: 45757 | G36: 45757 | H36: 45757 | I36: 45757 | J36: 45757 | K36: 45757
B37: Defect ID

Sheet FE-51
A2: Function Code | C2: =Functions!E58 -> FE-51 | F2: Function Name | L2: =Functions!D58 -> FE-51_Open/Lock allows to register to exam supervisor for the exam period
A3: Created By | C3: TuanND | F3: Executed By | L3: TuanND
A4: Lines of code | C4: 100 | F4: Lack of test cases | L4: 0
A5: Test requirement
A6: Passed | C6: Failed | F6: Untested | L6: N/A/B | O6: Total Test Cases
A7: 5 | C7: =COUNTIF(F35:HQ35,"F") -> 0 | F7: =SUM(O7,-A7,-C7) -> 0 | L7: 1 | M7: 4 | N7: =COUNTIF(E34:HQ34,"B") -> 0 | O7: =COUNTA(E9:HT9) -> 5
E9: UTCID01 | F9: UTCID02 | G9: UTCID03 | H9: UTCID04 | I9: UTCID05
A10: Condition | B10: Precondition
D11: Authorized | E11: O | F11: O | G11: O | I11: O
D12: exam supervisor is already exist | I12: O
D13: exam supervisor is not exist | E13: O | F13: O | G13: O | H13: O
D14: exam supervisor "de170076" is already exist
B15: HTTP Method
D16: POST | E16: O | F16: O | G16: O | H16: O | I16: O
B17: API Endpoint
B18: api/exam-supervisors/:id
B19: api/exam-supervisors | E19: O | F19: O | G19: O | H19: O | I19: O
B21: Input
B22: id
B23: {guid}
B24: abc
B25: code
D26: de170076 | E26: O | G26: O | H26: O | I26: O
D27: de99999 | F27: O
D28: de10
A30: Confirm | B30: Return
D31: 200: Success with 1 record have {id}
D32: 200: Success
D33: 201: Created | E33: O
D34: 400: Bad Request | F34: O | G34: O
D35: 403: No Permision | H35: O
D36: 404 : Not Found
D37: 409: Conflict | I37: O
B38: Exception
B40: Log message
D41: "exam supervisor created successfully" | E41: O
D42: "Failed to create exam supervisor: Invalid request parameters" | F42: O | G42: O
D43: "User does not have permission to create a exam supervisor" | H43: O
D44: "Failed to create exam supervisor: exam supervisor name '{name}' already exists" | I44: O
A46: Result | B46: Type(N : Normal, A : Abnormal, B : Boundary) | E46: N | F46: A | G46: A | H46: A | I46: A
B47: Passed/Failed | E47: P | F47: P | G47: P | H47: P | I47: P
B48: Executed Date | E48: 45721 | F48: 39143 | G48: 39144 | H48: 39145 | I48: 45390
B49: Defect ID

Sheet FE-52
A1: \
A2: Function Code | C2: =Functions!E59 -> FE-52 | F2: Function Name | L2: =Functions!D59 -> FE-52_Open/Lock allows to register to exam supervisor for the exam room
A3: Created By | C3: TuanND | F3: Executed By | L3: TuanND
A4: Lines of code | C4: 100 | F4: Lack of test cases | L4: 0
A5: Test requirement
A6: Passed | C6: Failed | F6: Untested | L6: N/A/B | O6: Total Test Cases
A7: 5 | C7: =COUNTIF(F35:HQ35,"F") -> 0 | F7: =SUM(O7,-A7,-C7) -> 0 | L7: 1 | M7: 4 | N7: =COUNTIF(E34:HQ34,"B") -> 0 | O7: =COUNTA(E9:HT9) -> 5
E9: UTCID01 | F9: UTCID02 | G9: UTCID03 | H9: UTCID04 | I9: UTCID05
A10: Condition | B10: Precondition
D11: Authorized | E11: O | F11: O | G11: O | I11: O
D12: exam supervisor is already exist | I12: O
D13: exam supervisor is not exist | E13: O | F13: O | G13: O | H13: O
D14: exam supervisor "de170076" is already exist
B15: HTTP Method
D16: POST | E16: O | F16: O | G16: O | H16: O | I16: O
B17: API Endpoint
B18: api/exam-supervisors/:id
B19: api/exam-supervisors | E19: O | F19: O | G19: O | H19: O | I19: O
B21: Input
B22: id
B23: {guid}
B24: abc
B25: code
D26: de170076 | E26: O | G26: O | H26: O | I26: O
D27: de99999 | F27: O
D28: de10
A30: Confirm | B30: Return
D31: 200: Success with 1 record have {id}
D32: 200: Success
D33: 201: Created | E33: O
D34: 400: Bad Request | F34: O | G34: O
D35: 403: No Permision | H35: O
D36: 404 : Not Found
D37: 409: Conflict | I37: O
B38: Exception
B40: Log message
D41: "exam supervisor created successfully" | E41: O
D42: "Failed to create exam supervisor: Invalid request parameters" | F42: O | G42: O
D43: "User does not have permission to create a exam supervisor" | H43: O
D44: "Failed to create exam supervisor: exam supervisor name '{name}' already exists" | I44: O
A46: Result | B46: Type(N : Normal, A : Abnormal, B : Boundary) | E46: N | F46: A | G46: A | H46: A | I46: A
B47: Passed/Failed | E47: P | F47: P | G47: P | H47: P | I47: P
B48: Executed Date | E48: 45721 | F48: 39143 | G48: 39144 | H48: 39145 | I48: 45390
B49: Defect ID

Sheet FE-53
A2: Function Code | C2: =Functions!E60 -> FE-53 | F2: Function Name | L2: FE-53_View exam registration details
A3: Created By | C3: TuanND | F3: Executed By | L3: TuanND
A4: Lines of code | C4: 100 | F4: Lack of test cases | L4: =IF(Functions!E6<>"N/A",SUM(C4*Functions!E6/1000,-O7),"N/A") -> -4
A5: Test requirement | C5: N/A
A6: Passed | C6: Failed | F6: Untested | L6: N/A/B | O6: Total Test Cases
A7: =COUNTIF(F38:HQ38,"P") -> 6 | C7: =COUNTIF(F38:HQ38,"F") -> 0 | F7: =SUM(O7,-A7,-C7) -> 0 | L7: =COUNTIF(E37:HQ37,"N") -> 6 | M7: =COUNTIF(E37:HQ37,"A") -> 0 | N7: =COUNTIF(E37:HQ37,"B") -> 0 | O7: =COUNTA(E9:HT9) -> 6
F9: UTCID01 | G9: UTCID02 | H9: UTCID03 | I9: UTCID04 | J9: UTCID05 | K9: UTCID06
A10: Condition | B10: Precondition
D11: Authorized | F11: O | G11: O | H11: O | I11: O | K11: O
D12: Admin role | F12: O | G12: O | H12: O | I12: O | J12: O | K12: O
B13: HTTP Method
D14: GET | F14: O | G14: O | H14: O | I14: O | J14: O | K14: O
B15: API Endpoint
B16: api/exam-registration?PeriodId={guid} | F16: O | K16: O
B17: api/exam-registration?PageNumber=0&PageSize=20&PeriodId={guid} | G17: O
B18: /api/exam-registration?PageNumber=0&PageSize=10&SortBy=FullName&SortOrder=1&PeriodId={guid} | H18: O
B19: /api/exam-registration?PageNumber=-1&PeriodId={guid} | I19: O
B20: /api/exam-registration?PageSize=abc&PeriodId={guid} | J20: O
D21: api/exam-registration | K21: O
A23: Confirm | B23: Return
D24: 200: Success with 10 records | F24: O
D25: 200: Success with 20 records | G25: O
D26: 200: Success with 10 records is sorted | H26: O
D27: 400: Bad Request | I27: O
D28: 401: Unauthorized | J28: O
D29: 404 : Not Found | K29: O
B30: Log message
D31: "Get data successfully" | F31: O | G31: O | H31: O
D32: "Page number is invalid" | I32: O
D33: "Unauthorized" | J33: O
D34: "Url not found" | K34: O
A37: Result | B37: Type(N : Normal, A : Abnormal, B : Boundary) | F37: N | G37: N | H37: N | I37: N | J37: N | K37: N
B38: Passed/Failed | F38: P | G38: P | H38: P | I38: P | J38: P | K38: P
B39: Executed Date | F39: 45757 | G39: 45757 | H39: 45757 | I39: 45757 | J39: 45757 | K39: 45757
B40: Defect ID

Sheet FE-54
A2: Function Code | C2: =Functions!E61 -> FE-54 | F2: Function Name | L2: FE-54_Update the exam supervisor for the exam room
A3: Created By | C3: TuanND | F3: Executed By | L3: TuanND
A4: Lines of code | C4: 100 | F4: Lack of test cases | L4: =IF(Functions!E6<>"N/A",SUM(C4*Functions!E6/1000,-O7),"N/A") -> -3
A5: Test requirement | C5: N/A
A6: Passed | C6: Failed | F6: Untested | L6: N/A/B | O6: Total Test Cases
A7: =COUNTIF(F35:HQ35,"P") -> 5 | C7: =COUNTIF(F35:HQ35,"F") -> 0 | F7: =SUM(O7,-A7,-C7) -> 0 | L7: =COUNTIF(E34:HQ34,"N") -> 5 | M7: =COUNTIF(E34:HQ34,"A") -> 0 | N7: =COUNTIF(E34:HQ34,"B") -> 0 | O7: =COUNTA(E9:HT9) -> 5
F9: UTCID01 | G9: UTCID02 | H9: UTCID03 | I9: UTCID04 | J9: UTCID05
A10: Condition | B10: Precondition
D11: Authorized | F11: O | G11: O | H11: O
B12: Exam room exists | F12: O | G12: O | H12: O | I12: O
B13: HTTP Method
D14: POST | F14: O | G14: O | H14: O | I14: O | J14: O
B15: API Endpoint
B16: api/exam-supervisors | F16: O | G16: O | H16: O | I16: O
B17: api/exam-supervisors/43 | J17: O
B18: Input
B19: roomId valid | F19: O | G19: O | I19: O | J19: O
B20: supervisorId valid | F20: O | H20: O | I20: O | J20: O
B21: supervisorId = null | G21: O
D22: roomId = null | H22: O
A23: Confirm | B23: Return
D24: 200: Supervisor assigned | F24: O
D25: 400: Bad Request | G25: O | H25: O
D26: 401: Unauthorized | I26: O
D27: 404 : Not Found | J27: O
B28: Log message
D29: "Update successfully" | F29: O
D30: "{superviorId} invalid" | G30: O
D31: "{roomId} invalid" | H31: O
D32: "Unauthorized" | I32: O
D33: "Url not found" | J33: O
A34: Result | B34: Type(N : Normal, A : Abnormal, B : Boundary) | F34: N | G34: N | H34: N | I34: N | J34: N
B35: Passed/Failed | F35: P | G35: P | H35: P | I35: P | J35: P
B36: Executed Date | F36: 45757 | G36: 45757 | H36: 45757 | I36: 45757 | J36: 45757
B37: Defect ID

Sheet FE-55
A2: Function Code | C2: =Functions!E62 -> FE-55 | F2: Function Name | L2: FE-55_[ZMP] View list of exam dates
A3: Created By | C3: QuangTVD | F3: Executed By | L3: QuangTVD
A4: Lines of code | C4: 100 | F4: Lack of test cases | L4: =IF(Functions!E6<>"N/A",SUM(C4*Functions!E6/1000,-O7),"N/A") -> -3
A5: Test requirement | C5: N/A
A6: Passed | C6: Failed | F6: Untested | L6: N/A/B | O6: Total Test Cases
A7: =COUNTIF(F34:HQ34,"P") -> 5 | C7: =COUNTIF(F34:HQ34,"F") -> 0 | F7: =SUM(O7,-A7,-C7) -> 0 | L7: =COUNTIF(E33:HQ33,"N") -> 2 | M7: =COUNTIF(E33:HQ33,"A") -> 3 | N7: =COUNTIF(E33:HQ33,"B") -> 0 | O7: =COUNTA(E9:HT9) -> 5
F9: UTCID01 | G9: UTCID02 | H9: UTCID03 | I9: UTCID04 | J9: UTCID05
A10: Condition | B10: Precondition
D11: Authorized | F11: O | H11: O | I11: O | J11: O
B12: UserRole=EXAMINER | F12: O | H12: O | I12: O | J12: O
B13: HTTP Method
D14: GET | F14: O | G14: O | H14: O | I14: O | J14: O
B15: API Endpoint
B16: /api/exam-of-exam-period/schedule?PeriodId={guid} | F16: O | G16: O
B17: /api/exam-of-exam-period/schedule?PeriodId=abc | H17: O
B18: /api/exam-of-exam-period/schedule?PeriodId={non-existing guid} | I18: O
B19: /api/exam-of-exam-period/schedule | J19: O
A21: Confirm | B21: Return
D22: 200: Successfully get all dates contain exam in a period | F22: O
D23: 200: Returned an empty array | I23: O
D24: 400: Bad request | J24: O
D25: 401: Unauthorized | G25: O
D26: 500: Internal error | H26: O
B27: Log message
D28: Get dates successful | F28: O
D29: Period not found | I29: O
D30: User do not have permistion to do this | G30: O
D31: Invalid period id | H31: O | J31: O
A33: Result | B33: Type(N : Normal, A : Abnormal, B : Boundary) | F33: N | G33: A | H33: A | I33: N | J33: A
B34: Passed/Failed | F34: P | G34: P | H34: P | I34: P | J34: P
B35: Executed Date | F35: 45757 | G35: 45757 | H35: 45757 | I35: 45757 | J35: 45757
B36: Defect ID

Sheet FE-56
A2: Function Code | C2: =Functions!E63 -> FE-56 | F2: Function Name | L2: FE-56_[ZMP] View a list of exam hours for one day
A3: Created By | C3: QuangTVD | F3: Executed By | L3: QuangTVD
A4: Lines of code | C4: 100 | F4: Lack of test cases | L4: =IF(Functions!E6<>"N/A",SUM(C4*Functions!E6/1000,-O7),"N/A") -> -3
A5: Test requirement | C5: N/A
A6: Passed | C6: Failed | F6: Untested | L6: N/A/B | O6: Total Test Cases
A7: =COUNTIF(F33:HQ33,"P") -> 5 | C7: =COUNTIF(F33:HQ33,"F") -> 0 | F7: =SUM(O7,-A7,-C7) -> 0 | L7: =COUNTIF(E32:HQ32,"N") -> 2 | M7: =COUNTIF(E32:HQ32,"A") -> 3 | N7: =COUNTIF(E32:HQ32,"B") -> 0 | O7: =COUNTA(E9:HT9) -> 5
F9: UTCID01 | G9: UTCID02 | H9: UTCID03 | I9: UTCID04 | J9: UTCID05
A10: Condition | B10: Precondition
D11: Authorized | F11: O | H11: O | I11: O | J11: O
B12: UserRole=EXAMINER | F12: O | H12: O | I12: O | J12: O
B13: HTTP Method
D14: GET | F14: O | G14: O | H14: O | I14: O | J14: O
B15: API Endpoint
B16: /api/exam-of-exam-period/schedule/{date} | F16: O | G16: O
B17: /api/exam-of-exam-period/schedule/abc | H17: O
B18: /api/exam-of-exam-period/schedule/{non-existed date} | I18: O
B19: /api/exam-of-exam-period/schedule | J19: O
A21: Confirm | B21: Return
D22: 200: Successfully get all dates contain exam in a period | F22: O
D23: 200: Returned an empty array | I23: O
D24: 400: Bad request | J24: O
D25: 401: Unauthorized | G25: O
D26: 500: Internal error | H26: O
B27: Log message
D28: Get list of exam in a date successful | F28: O
D29: User do not have permission to do this | G29: O
D30: Date {date} is not found | I30: O
D31: Date is invalid | H31: O | J31: O
A32: Result | B32: Type(N : Normal, A : Abnormal, B : Boundary) | F32: N | G32: A | H32: A | I32: N | J32: A
B33: Passed/Failed | F33: P | G33: P | H33: P | I33: P | J33: P
B34: Executed Date | F34: 45757 | G34: 45757 | H34: 45757 | I34: 45757 | J34: 45757
B35: Defect ID

Sheet FE-57
A2: Function Code | C2: =Functions!E64 -> FE-57 | F2: Function Name | L2: FE-57_[ZMP] Register to be exam supervisor selected slots
A3: Created By | C3: QuangTVD | F3: Executed By | L3: QuangTVD
A4: Lines of code | C4: 100 | F4: Lack of test cases | L4: =IF(Functions!E6<>"N/A",SUM(C4*Functions!E6/1000,-O7),"N/A") -> -5
A5: Test requirement
A6: Passed | C6: Failed | F6: Untested | L6: N/A/B | O6: Total Test Cases
A7: =COUNTIF(F52:HQ52,"P") -> 7 | C7: =COUNTIF(F52:HQ52,"F") -> 0 | F7: =SUM(O7,-A7,-C7) -> 0 | L7: =COUNTIF(E51:HQ51,"N") -> 1 | M7: =COUNTIF(E51:HQ51,"A") -> 6 | N7: =COUNTIF(E51:HQ51,"B") -> 0 | O7: =COUNTA(E9:HT9) -> 7
F9: UTCID01 | G9: UTCID02 | H9: UTCID03 | I9: UTCID04 | J9: UTCID05 | K9: UTCID06 | L9: UTCID07
A10: Condition | B10: Precondition
D11: Authorized | F11: O | H11: O | I11: O | J11: O | K11: O | L11: O
B12: UserRole=EXAMINER | F12: O | H12: O | I12: O | J12: O | K12: O | L12: O
B14: HTTP Method
D15: POST | F15: O | G15: O | H15: O | I15: O | J15: O | K15: O | L15: O
B16: API Endpoint
B17: api/registrations/mobile-register | F17: O | G17: O | H17: O | I17: O | J17: O | K17: O | L17: O
B19: Input
B20: semesterId
D21: {null} | L21: O
D22: {guid} | F22: O | G22: O | I22: O | J22: O | K22: O
B23: non-existed {guid} | H23: O
B24: periodId
D25: {null} | L25: O
D26: {guid} | F26: O | G26: O | H26: O | J26: O | K26: O
C27: non-existed {guid} | I27: O
B28: userId
D29: {null} | L29: O
D30: {guid} | F30: O | G30: O | H30: O | I30: O | K30: O
B31: non-existed {guid} | J31: O
B32: registeredExams
B33: {null} | K33: O | L33: O
B34: list of exam's {guid} | F34: O | G34: O | H34: O | I34: O | J34: O
A37: Confirm | B37: Return
D38: 200: Register successful | F38: O
D39: 400: Bad Request | H39: O | I39: O | J39: O | K39: O | L39: O
D40: 401: Unauthorized | G40: O
D41: 404 : Not Found
B42: Exception
B44: Message log
D45: "Successfully register as a supervisor of exams" | F45: O
D46: "Failed finding semester with {semesterId}" | H46: O
B47: "Failed finding period with {periodId}" | I47: O
D48: "Failed finding user with {userId}" | J48: O
D49: "Registered exams must not be empty" | K49: O
A51: Result | B51: Type(N : Normal, A : Abnormal, B : Boundary) | F51: N | G51: A | H51: A | I51: A | J51: A | K51: A | L51: A
B52: Passed/Failed | F52: P | G52: P | H52: P | I52: P | J52: P | K52: P | L52: P
B53: Executed Date
B54: Defect ID

Sheet FE-58
A1: \
A2: Function Code | C2: =Functions!E65 -> FE-58 | F2: Function Name | L2: FE-58_[ZMP] View list of my registrations
A3: Created By | C3: QuangTVD | F3: Executed By | L3: QuangTVD
A4: Lines of code | C4: 100 | F4: Lack of test cases | L4: =IF(Functions!E6<>"N/A",SUM(C4*Functions!E6/1000,-O7),"N/A") -> -3
A5: Test requirement | C5: N/A
A6: Passed | C6: Failed | F6: Untested | L6: N/A/B | O6: Total Test Cases
A7: =COUNTIF(F35:HQ35,"P") -> 5 | C7: =COUNTIF(F35:HQ35,"F") -> 0 | F7: =SUM(O7,-A7,-C7) -> 0 | L7: =COUNTIF(E34:HQ34,"N") -> 1 | M7: =COUNTIF(E34:HQ34,"A") -> 4 | N7: =COUNTIF(E34:HQ34,"B") -> 0 | O7: =COUNTA(E9:HT9) -> 5
F9: UTCID01 | G9: UTCID02 | H9: UTCID03 | I9: UTCID04 | J9: UTCID05
A10: Condition | B10: Precondition
D11: Authorized | F11: O | H11: O | I11: O | J11: O
B12: UserRole=EXAMINER | F12: O | H12: O | I12: O | J12: O
B14: HTTP Method
D15: GET | F15: O | G15: O | H15: O | I15: O | J15: O
B16: API Endpoint
B17: api/registrations/user?userId={guid}&periodId={guid} | F17: O | G17: O
B18: api/registrations/user?userId={guid} | H18: O
B19: api/registrations/user?periodId={guid} | I19: O
B20: api/registrations/user | J20: O
A21: Confirm | B21: Return
D22: 200: Successfully get all registered slots | F22: O
D23: 400: Bad Request | H23: O | I23: O | J23: O
D24: 401: Unauthorized | G24: O
D25: 404 : Not Found
B26: Exception
B28: Message log
D29: Get registration list successful | F29: O
D30: User do not have permission to do this | G30: O
D31: UserId is required | I31: O | J31: O
D32: PeriodId is required | H32: O | J32: O
A34: Result | B34: Type(N : Normal, A : Abnormal, B : Boundary) | F34: N | G34: A | H34: A | I34: A | J34: A
B35: Passed/Failed | F35: P | G35: P | H35: P | I35: P | J35: P
B36: Executed Date
B37: Defect ID

Sheet FE-59
A2: Function Code | C2: =Functions!E66 -> FE-59 | F2: Function Name | L2: FE-59_Approve registered slots that have exceeded quota
A3: Created By | C3: TuanND | F3: Executed By | L3: TuanND
A4: Lines of code | C4: 100 | F4: Lack of test cases
A5: Test requirement
A6: Passed | C6: Failed | F6: Untested | L6: N/A/B | O6: Total Test Cases
A7: =COUNTIF(F37:HQ37,"P") -> 4 | C7: =COUNTIF(F37:HQ37,"F") -> 0 | F7: =SUM(O7,-A7,-C7) -> 0 | L7: =COUNTIF(E36:HQ36,"N") -> 4 | M7: =COUNTIF(E36:HQ36,"A") -> 0 | N7: =COUNTIF(E36:HQ36,"B") -> 0 | O7: =COUNTA(E9:HT9) -> 4
F9: UTCID01 | G9: UTCID02 | H9: UTCID03 | I9: UTCID04
A10: Condition | B10: Precondition
D11: Authorized | F11: O | G11: O | I11: O
B12: User must be authenticated and authorized with role: EXAMINER, MANAGER, or equivalent that has permission to assign supervisors | F12: O | H12: O | I12: O
B14: HTTP Method
D15: PATCH | F15: O | G15: O | H15: O | I15: O
B16: API Endpoint
B17: /api/registrations/{id} | F17: O | G17: O
B18: api/exam-supervisor/exam-period/12312 | I18: O
B19: Input | F19: O
B20: id valid | F20: O
B21: id invalid | G21: O
A23: Confirm | B23: Return
D24: 200: Update success | F24: O
D25: 400: Bad Request | G25: O
D26: 401: Unauthorized | H26: O
D27: 404 : Not Found | I27: O
B28: Exception
B30: Message log
D31: "Registration with ID {id} updated successfully" | F31: O
D32: "Failed to update registration {id}: Invalid request parameters" | G32: O
D33: "User does not have permission to update registration {id}" | H33: O
D34: "Failed to update registration: Registration with ID {id} not found" | I34: O
A36: Result | B36: Type(N : Normal, A : Abnormal, B : Boundary) | F36: N | G36: N | H36: N | I36: N
B37: Passed/Failed | F37: P | G37: P | H37: P | I37: P
B38: Executed Date | F38: 45757 | G38: 45757 | H38: 45757 | I38: 45757
B39: Defect ID

Sheet FE-60
A2: Function Code | C2: =Functions!E67 -> FE-60 | F2: Function Name | L2: FE-60_Update exam inspection and IT Support for the entire exam period
A3: Created By | C3: TuanND | F3: Executed By | L3: TuanND
A4: Lines of code | C4: 100 | F4: Lack of test cases
A5: Test requirement | C5: N/A
A6: Passed | C6: Failed | F6: Untested | L6: N/A/B | O6: Total Test Cases
A7: =COUNTIF(F35:HQ35,"P") -> 5 | C7: =COUNTIF(F35:HQ35,"F") -> 0 | F7: =SUM(O7,-A7,-C7) -> 0 | L7: =COUNTIF(E34:HQ34,"N") -> 1 | M7: =COUNTIF(E34:HQ34,"A") -> 4 | N7: =COUNTIF(E34:HQ34,"B") -> 0 | O7: =COUNTA(E9:HT9) -> 5
F9: UTCID01 | G9: UTCID02 | H9: UTCID03 | I9: UTCID04 | J9: UTCID05
A10: Condition | B10: Precondition
D11: Authorized | F11: O | G11: O | H11: O | J11: O
B12: User must be authenticated and authorized with role: EXAMINER, MANAGER, or equivalent that has permission to assign supervisors | F12: O | H12: O | I12: O | J12: O
B14: HTTP Method
D15: POST | F15: O | G15: O | H15: O | I15: O | J15: O
B16: API Endpoint
B17: api/exam-supervisor/exam-period | F17: O | G17: O
B18: api/exam-supervisor/exam-period/12312 | J18: O
B19: Input | F19: O
B20: examId valid | F20: O | H20: O
B21: examId invalid | G21: O
D22: userIds valid | F22: O | G22: O
D23: userIds invalid | H23: O
A25: Confirm | B25: Return
D26: 200: Supervisor list is updated | F26: O
D27: 400: Bad Request | G27: O | H27: O
D28: 401: Unauthorized | I28: O
D29: 404 : Not Found | J29: O
B30: Exception
B32: Message log
A34: Result | B34: Type(N : Normal, A : Abnormal, B : Boundary) | F34: N | G34: A | H34: A | I34: A | J34: A
B35: Passed/Failed | F35: P | G35: P | H35: P | I35: P | J35: P
B36: Executed Date | F36: 45757 | G36: 45757 | H36: 45757 | I36: 45757 | J36: 45757
B37: Defect ID

Sheet FE-61
A2: Function Code | C2: =Functions!E68 -> FE-61 | F2: Function Name | L2: FE-61_Update exam inspectors, and IT Support for 1 day's exams
A3: Created By | C3: TuanND | F3: Executed By | L3: TuanND
A4: Lines of code | C4: 100 | F4: Lack of test cases
A5: Test requirement | C5: N/A
A6: Passed | C6: Failed | F6: Untested | L6: N/A/B | O6: Total Test Cases
A7: =COUNTIF(F39:HQ39,"P") -> 5 | C7: =COUNTIF(F39:HQ39,"F") -> 0 | F7: =SUM(O7,-A7,-C7) -> 0 | L7: =COUNTIF(E38:HQ38,"N") -> 1 | M7: =COUNTIF(E38:HQ38,"A") -> 4 | N7: =COUNTIF(E38:HQ38,"B") -> 0 | O7: =COUNTA(E9:HT9) -> 5
F9: UTCID01 | G9: UTCID02 | H9: UTCID03 | I9: UTCID04 | J9: UTCID05
A10: Condition | B10: Precondition
D11: Authorized | F11: O | G11: O | H11: O | J11: O
B12: User must be authenticated and authorized with role: EXAMINER, MANAGER, or equivalent that has permission to assign supervisors | F12: O | H12: O | I12: O | J12: O
B14: HTTP Method
D15: POST | F15: O | G15: O | H15: O | I15: O | J15: O
B16: API Endpoint
B17: api/exam-supervisor/exam-period | F17: O | G17: O
B18: api/exam-supervisor/exam-period/12312 | J18: O
B19: Input | F19: O
B20: examId valid | F20: O | H20: O
B21: examId invalid | G21: O
D22: userIds valid | F22: O | G22: O
D23: userIds invalid | H23: O
A25: Confirm | B25: Return
D26: 200: Supervisor list is updated | F26: O
D27: 400: Bad Request | G27: O | H27: O
D28: 401: Unauthorized | I28: O
D29: 404 : Not Found | J29: O
B30: Exception
B32: Message log
D33: "Supervisors assigned to exam ID {examId} successfully" | F33: O
D34: "Failed to assign supervisors to exam ID {examId}: Invalid request parameters" | G34: O | H34: O
D35: "User does not have permission to assign supervisors to exam ID {examId}" | I35: O
D36: "Failed to assign supervisors: Exam with ID {examId} not found" | J36: O
A38: Result | B38: Type(N : Normal, A : Abnormal, B : Boundary) | F38: N | G38: A | H38: A | I38: A | J38: A
B39: Passed/Failed | F39: P | G39: P | H39: P | I39: P | J39: P
B40: Executed Date | F40: 45757 | G40: 45757 | H40: 45757 | I40: 45757 | J40: 45757
B41: Defect ID

Sheet FE-62
A2: Function Code | C2: =Functions!E69 -> FE-62 | F2: Function Name | L2: FE-62_Update hallway supervisor for exam rooms
A3: Created By | C3: QuangTVD | F3: Executed By | L3: QuangTVD
A4: Lines of code | C4: 100 | F4: Lack of test cases | L4: =IF(Functions!E6<>"N/A",SUM(C4*Functions!E6/1000,-O7),"N/A") -> -2
A5: Test requirement | C5: N/A
A6: Passed | C6: Failed | F6: Untested | L6: N/A/B | O6: Total Test Cases
A7: =COUNTIF(F35:HQ35,"P") -> 4 | C7: =COUNTIF(F35:HQ35,"F") -> 0 | F7: =SUM(O7,-A7,-C7) -> 0 | L7: =COUNTIF(E34:HQ34,"N") -> 1 | M7: =COUNTIF(E34:HQ34,"A") -> 3 | N7: =COUNTIF(E34:HQ34,"B") -> 0 | O7: =COUNTA(E9:HT9) -> 4
F9: UTCID01 | G9: UTCID02 | H9: UTCID03 | I9: UTCID04
A10: Condition | B10: Precondition
D11: Authorized | F11: O | H11: O | I11: O
B12: UserRole=EXAMINER | F12: O | H12: O | I12: O
B13: HTTP Method
D14: POST | F14: O | G14: O | H14: O | I14: O
B15: API Endpoint
D16: /api/halway-supervisor/assign | F16: O | G16: O | H16: O | I16: O
B17: Input
B18: examRoomIds
B19: {existed guid} | F19: O | H19: O
B20: {non-existed guid} | G20: O | I20: O
B21: userId
B22: {existed guid} | F22: O | I22: O
B23: {non-existed guid} | G23: O | H23: O
A25: Confirm | B25: Return
D26: 200: success | F26: O
D27: 400: Bad request | H27: O | I27: O
D28: 401: Unauthorized | G28: O
B29: Log message
D30: Assign successful | F30: O
D31: User do not have permission to do this | G31: O
D32: User not found | H32: O
D33: Exam room not found | I33: O
A34: Result | B34: Type(N : Normal, A : Abnormal, B : Boundary) | F34: N | G34: A | H34: A | I34: A
B35: Passed/Failed | F35: P | G35: P | H35: P | I35: P
B36: Executed Date
B37: Defect ID

Sheet FE-63
A2: Function Code | C2: =Functions!E70 -> FE-63 | F2: Function Name | L2: FE-63_Send exam notification email (automatic/manual)
A3: Created By | C3: QuangTVD | F3: Executed By | L3: QuangTVD
A4: Lines of code | C4: 100 | F4: Lack of test cases | L4: =IF(Functions!E6<>"N/A",SUM(C4*Functions!E6/1000,-O7),"N/A") -> -2
A5: Test requirement | C5: N/A
A6: Passed | C6: Failed | F6: Untested | L6: N/A/B | O6: Total Test Cases
A7: =COUNTIF(F35:HQ35,"P") -> 4 | C7: =COUNTIF(F35:HQ35,"F") -> 0 | F7: =SUM(O7,-A7,-C7) -> 0 | L7: =COUNTIF(E34:HQ34,"N") -> 1 | M7: =COUNTIF(E34:HQ34,"A") -> 3 | N7: =COUNTIF(E34:HQ34,"B") -> 0 | O7: =COUNTA(E9:HT9) -> 4
F9: UTCID01 | G9: UTCID02 | H9: UTCID03 | I9: UTCID04
A10: Condition | B10: Precondition
D11: Authorized | F11: O | H11: O | I11: O
B12: UserRole=EXAMINER | F12: O | H12: O | I12: O
B13: HTTP Method
D14: POST | F14: O | G14: O | H14: O | I14: O
B15: API Endpoint
D16: /api/exams/send-mail | F16: O | G16: O | H16: O | I16: O
B17: Input
B18: dates
B19: {list of dates} | F19: O | G19: O | I19: O
B20: {empty list} | H20: O
B21: content | F21: O | H21: O | I21: O
B22: sendingWay | F22: O | G22: O | H22: O
B23: sendingTime | F23: O | I23: O
A25: Confirm | B25: Return
D26: 200: success | F26: O
D27: 400: Bad request | H27: O | I27: O
D28: 401: Unauthorized | G28: O
B29: Log message
D30: Send mail successfully | F30: O
D31: User do not have permission to do this | G31: O
D32: Dates is empty | H32: O
D33: Sending way is required | I33: O
A34: Result | B34: Type(N : Normal, A : Abnormal, B : Boundary) | F34: N | G34: A | H34: A | I34: A
B35: Passed/Failed | F35: P | G35: P | H35: P | I35: P
B36: Executed Date
B37: Defect ID

Sheet FE-64
A2: Function Code | C2: =Functions!E71 -> FE-64 | F2: Function Name | L2: FE-64_View results and send email notification of exam viewing
A3: Created By | C3: QuangTVD | F3: Executed By | L3: QuangTVD
A4: Lines of code | C4: 100 | F4: Lack of test cases | L4: =IF(Functions!E6<>"N/A",SUM(C4*Functions!E6/1000,-O7),"N/A") -> -1
A5: Test requirement | C5: N/A
A6: Passed | C6: Failed | F6: Untested | L6: N/A/B | O6: Total Test Cases
A7: =COUNTIF(F33:HQ33,"P") -> 3 | C7: =COUNTIF(F33:HQ33,"F") -> 0 | F7: =SUM(O7,-A7,-C7) -> 0 | L7: =COUNTIF(E32:HQ32,"N") -> 1 | M7: =COUNTIF(E32:HQ32,"A") -> 2 | N7: =COUNTIF(E32:HQ32,"B") -> 0 | O7: =COUNTA(E9:HT9) -> 3
F9: UTCID01 | G9: UTCID02 | H9: UTCID03
A10: Condition | B10: Precondition
D11: Authorized | F11: O | H11: O
B12: UserRole=EXAMINER | F12: O | H12: O
B13: HTTP Method
D14: GET | F14: O | G14: O | H14: O
B15: API Endpoint
D16: /api/exam-of-exam-period/mail-result/{date} | F16: O | G16: O | H16: O
B17: Input
B18: date
B19: {valid date} | F19: O | G19: O
B20: abc | H20: O
A23: Confirm | B23: Return
D24: 200: Success with 10 records | F24: O
D25: 400: Bad Request | H25: O
D26: 401: Unauthorized | G26: O
D27: 404 : Not Found
B28: Log message
D29: Get result successful | F29: O
D30: User do not have permission to do this | G30: O
D31: Invalid date | H31: O
A32: Result | B32: Type(N : Normal, A : Abnormal, B : Boundary) | F32: N | G32: A | H32: A
B33: Passed/Failed | F33: P | G33: P | H33: P
B34: Executed Date | F34: 45757 | G34: 45757 | H34: 45757
B35: Defect ID

Sheet FE-65
A2: Function Code | C2: =Functions!E72 -> FE-65 | F2: Function Name | L2: FE-65_Import exam codes for the exam period
A3: Created By | C3: AnhNN | F3: Executed By | L3: AnhNN
A4: Lines of code | C4: 100 | F4: Lack of test cases | L4: =IF(Functions!E6<>"N/A",SUM(C4*Functions!E6/1000,-O7),"N/A") -> -1
A5: Test requirement | C5: N/A
A6: Passed | C6: Failed | F6: Untested | L6: N/A/B | O6: Total Test Cases
A7: =COUNTIF(F31:HQ31,"P") -> 3 | C7: =COUNTIF(F31:HQ31,"F") -> 0 | F7: =SUM(O7,-A7,-C7) -> 0 | L7: =COUNTIF(E30:HQ30,"N") -> 1 | M7: =COUNTIF(E30:HQ30,"A") -> 2 | N7: =COUNTIF(E30:HQ30,"B") -> 0 | O7: =COUNTA(E9:HT9) -> 3
F9: UTCID01 | G9: UTCID02 | H9: UTCID03
A10: Condition | B10: Precondition
D11: Authorized | F11: O | G11: O
B13: HTTP Method
D14: POST | F14: O | G14: O | H14: O
B15: API Endpoint
D16: /api/exams-code/import | F16: O | G16: O | H16: O
B17: Input
B18: file
D19: Imported file follows the template | F19: O | H19: O
D20: Imported file does not follow the template | G20: O
A22: Confirm | B22: Return
D23: 200 Success | F23: O
D24: 400 Bad request | G24: O
D25: 401 Unauthorized | H25: O
B26: Log message
D27: Import successfully | F27: O
D28: Import failed: Invalid import file | G28: O
D29: Invalid authorization | H29: O
A30: Result | B30: Type(N : Normal, A : Abnormal, B : Boundary) | F30: N | G30: A | H30: A
B31: Passed/Failed | F31: P | G31: P | H31: P
B32: Executed Date | F32: 45757 | G32: 45757 | H32: 45757
B33: Defect ID

Sheet FE-66
A2: Function Code | C2: =Functions!E73 -> FE-66 | F2: Function Name | L2: FE-66_View the list of exam codes for the exam period
A3: Created By | C3: AnhNN | F3: Executed By | L3: AnhNN
A4: Lines of code | C4: 100 | F4: Lack of test cases | L4: 0
A5: Test requirement | C5: N/A
A6: Passed | C6: Failed | F6: Untested | L6: N/A/B | O6: Total Test Cases
A7: =COUNTIF(F39:HQ39,"P") -> 7 | C7: =COUNTIF(F39:HQ39,"F") -> 0 | F7: 0 | L7: =COUNTIF(E38:HQ38,"N") -> 4 | M7: =COUNTIF(E38:HQ38,"A") -> 3 | N7: =COUNTIF(E38:HQ38,"B") -> 0 | O7: 7
F9: UTCID01 | G9: UTCID02 | H9: UTCID03 | I9: UTCID04 | J9: UTCID05 | K9: UTCID06 | L9: UTCID07 | M9: UTCID08
A10: Condition | B10: Precondition
D11: Authorized | F11: O | G11: O | H11: O | I11: O | J11: O | K11: O | M11: O
B12: UserRole=EXAMINERUserRole=EXAMINER | F12: O | G12: O | H12: O | I12: O | J12: O | K12: O | M12: O
B13: HTTP Method
D14: GET | F14: O | G14: O | H14: O | I14: O | J14: O | K14: O | L14: O | M14: O
B15: API Endpoint
D16: api/exams-code | F16: O
D17: api/exam-code?date=19/04 | M17: O
B18: api/exam-code?date={date} | G18: O | L18: O
B19: api/exam-code?date={date}&PageNumber=0&PageSize=20 | H19: O
B20: /api/exam-code?date={date}&PageNumber=0&PageSize=10&SortBy=Exam | I20: O
B21: /api/exam-code?date={date}&PageNumber=-1 | J21: O | K21: O
B22: /api/exam-code?PageSize=abc
A24: Confirm | B24: Return
D25: 200: Success with 10 records | F25: O
D26: 200: Success with 10 records with matched date | G26: O
D27: 200: Success with 20 records with matched date | H27: O
D28: 200: Success with 10 records is sorted with matched date | I28: O
D29: 400: Bad Request | J29: O | K29: O
D30: 401: Unauthorized | L30: O
D31: 404 : Not Found
B32: Log message
D33: Get result successful
D34: User do not have permission to do this | L34: O
D35: Invalid date | M35: O
A38: Result | B38: Type(N : Normal, A : Abnormal, B : Boundary) | F38: N | G38: N | H38: N | I38: N | J38: A | K38: A | L38: A
B39: Passed/Failed | F39: P | G39: P | H39: P | I39: P | J39: P | K39: P | L39: P
B40: Executed Date | F40: 45757 | G40: 45757 | H40: 45757 | I40: 45757 | J40: 45757 | K40: 45757 | L40: 45757
B41: Defect ID

Sheet FE-67
A2: Function Code | C2: =Functions!E74 -> FE-67 | F2: Function Name | L2: FE-67_CRUD Exam code of the exam period
A3: Created By | C3: AnhNN | F3: Executed By | L3: AnhNN
A4: Lines of code | C4: 100 | F4: Lack of test cases | L4: =IF(Functions!E6<>"N/A",SUM(C4*Functions!E6/1000,-O7),"N/A") -> -13
A5: Test requirement | C5: N/A
A6: Passed | C6: Failed | F6: Untested | L6: N/A/B | O6: Total Test Cases
A7: =COUNTIF(F59:HQ59,"P") -> 15 | C7: =COUNTIF(F59:HQ59,"F") -> 0 | F7: =SUM(O7,-A7,-C7) -> 0 | L7: =COUNTIF(E58:HQ58,"N") -> 4 | M7: =COUNTIF(E58:HQ58,"A") -> 11 | N7: =COUNTIF(E58:HQ58,"B") -> 0 | O7: =COUNTA(E9:HT9) -> 15
F9: UTCID01 | G9: UTCID02 | H9: UTCID03 | I9: UTCID04 | J9: UTCID05 | K9: UTCID06 | L9: UTCID07 | M9: UTCID08 | N9: UTCID09 | O9: UTCID10 | P9: UTCID11 | Q9: UTCID12 | R9: UTCID13 | S9: UTCID14 | T9: UTCID15
A10: Condition | B10: Precondition
D11: Authorized | F11: O | G11: O | I11: O | J11: O | L11: O | M11: O | N11: O | P11: O | Q11: O | R11: O | T11: O
B12: { "examId": "00058ac6-ae9d-4932-bff4-6d4491479409", "examCodes": [ "DBI202_FA24_FE_L_894885_576" ] } | F12: O | G12: O | I12: O | J12: O | L12: O | M12: O | N12: O | P12: O | Q12: O | R12: O | T12: O
B14: HTTP Method
D15: GET | F15: O | G15: O | H15: O
D16: POST | I16: O | J16: O | K16: O | L16: O
D17: PATCH | M17: O | N17: O | O17: O | P17: O | Q17: O
D18: DELETE | R18: O | S18: O | T18: O
B19: API Endpoint
B20: api/exam-code | I20: O | J20: O | K20: O | L20: O
B21: api/exam-code/{id} | F21: O | G21: O | H21: O | M21: O | N21: O | O21: O | P21: O | Q21: O | R21: O | S21: O | T21: O
B22: Input
B23: id
D24: {guid} | F24: O | H24: O | M24: O | N24: O | O24: O | Q24: O | R24: O | S24: O
B25: non-existed {guid} | G25: O | P25: O | T25: O
A28: Confirm | B28: Return
D29: 200: Successfully get 1 record with the id {id} | F29: O
D30: 200: Create successfully | I30: O
D31: 200: Update successfully | M31: O
D32: 200: Dekete successfully | R32: O
D33: 400: Bad Request | G33: O | H33: O | J33: O | L33: O | N33: O | P33: O | Q33: O
D34: 401: Unauthorized | K34: O | O34: O
D35: 404 : Not Found
B36: Exception
B38: Message log
D39: "Successfully get exam code with id {id} | F39: O
D40: "Get exam code with {id} failed" | G40: O
B41: "User does not have permision to get exam code with id {id} | H41: O
D43: "exam code created successfully" | I43: O
D44: "Failed to create exam room: Invalid request parameters" | J44: O
D45: "User does not have permission to create an exam code" | K45: O
B46: "The required IDs does not match the relationship" | L46: O
D48: "Exam cpde with ID {id} updated successfully" | M48: O
B49: "Failed to update exam code {id}: Invalid request parameters" | N49: O
D50: "User does not have permission to update exam code {id}" | O50: O
B51: "Failed to update exam room: Exam room with ID {id} not found" | P51: O
B52: "The required IDs does not match the relationship" | Q52: O
D54: "Exam code with ID {id} deleted successfully" | R54: O
D55: "User does not have permission to delete exam code {id}" | S55: O
B56: "Failed to delete exam room: Exam code with ID {id} not found" | T56: O
A58: Result | B58: Type(N : Normal, A : Abnormal, B : Boundary) | F58: N | G58: A | H58: A | I58: N | J58: A | K58: A | L58: A | M58: N | N58: A | O58: A | P58: A | Q58: A | R58: N | S58: A | T58: A
B59: Passed/Failed | F59: P | G59: P | H59: P | I59: P | J59: P | K59: P | L59: P | M59: P | N59: P | O59: P | P59: P | Q59: P | R59: P | S59: P | T59: P
B60: Executed Date | F60: 45757 | G60: 45757 | H60: 45757 | I60: 45757 | J60: 45757 | K60: 45757 | L60: 45757 | M60: 45757 | N60: 45757 | O60: 45757 | P60: 45757 | Q60: 45757 | R60: 45757 | S60: 45757 | T60: 45757
B61: Defect ID

Sheet FE-68
A2: Function Code | C2: =Functions!E75 -> FE-68 | F2: Function Name | L2: FE-68_Send notifications about the open exam codes to the exam rooms.
A3: Created By | C3: AnhNN | F3: Executed By | L3: AnhNN
A4: Lines of code | C4: 100 | F4: Lack of test cases | L4: 0
A5: Test requirement | C5: N/A
A6: Passed | C6: Failed | F6: Untested | L6: N/A/B | O6: Total Test Cases
A7: 5 | C7: =COUNTIF(F37:HQ37,"F") -> 0 | F7: =SUM(O7,-A7,-C7) -> 0 | L7: 4 | M7: 1 | N7: =COUNTIF(E36:HQ36,"B") -> 0 | O7: =COUNTA(E9:HT9) -> 5
F9: UTCID01 | G9: UTCID02 | H9: UTCID03 | I9: UTCID04 | J9: UTCID05
A10: Condition | B10: Precondition
D11: Authorized | F11: O | G11: O | H11: O | J11: O
D12: { "selectedIds": [ "3fa85f64-5717-4562-b3fc-2c963f66afa6" ] } | F12: O | I12: O | J12: O
D13: { "selectedIds": [ "1" ] } | G13: O
D14: { "selectedIds": "3fa85f64-5717-4562-b3fc-2c963f66afa6" } | H14: O
B15: HTTP Method
D16: PATCH | F16: O | G16: O | H16: O | I16: O | J16: O
B17: API Endpoint
B18: /api/exams-code/send-exam-code | F18: O | G18: O | H18: O | I18: O
B19: /api/exams-code/send-exam-code/{invalid | J19: O
A22: Confirm | B22: Return
B23: List
D24: 200 success | F24: O
D25: 400 Bad request | G25: O | H25: O
D26: 401 Unauthorized | I26: O
D27: 404 Not found | J27: O
B29: Exception
B31: Log message
D32: Send notifcation exam code success | F32: O
A35: Result | B35: Type(N : Normal, A : Abnormal, B : Boundary) | F35: A | G35: N | H35: N | I35: N | J35: N
B36: Passed/Failed | F36: P | G36: P | H36: P | I36: P | J36: P
B37: Executed Date | F37: 45765 | G37: 39139 | H37: 45765 | I37: 45765 | J37: 45765
B38: Defect ID

Sheet FE-69
A2: Function Code | C2: =Functions!E76 -> FE-69 | F2: Function Name | L2: FE-69_Send notifications about the server being open to the exam rooms
A3: Created By | C3: AnhNN | F3: Executed By | L3: AnhNN
A4: Lines of code | C4: 100 | F4: Lack of test cases | L4: 0
A5: Test requirement | C5: N/A
A6: Passed | C6: Failed | F6: Untested | L6: N/A/B | O6: Total Test Cases
A7: 5 | C7: =COUNTIF(F37:HQ37,"F") -> 0 | F7: =SUM(O7,-A7,-C7) -> 0 | L7: 4 | M7: 1 | N7: =COUNTIF(E36:HQ36,"B") -> 0 | O7: =COUNTA(E9:HT9) -> 5
F9: UTCID01 | G9: UTCID02 | H9: UTCID03 | I9: UTCID04 | J9: UTCID05
A10: Condition | B10: Precondition
D11: Authorized | F11: O | G11: O | H11: O | J11: O
D12: { "selectedIds": [ "3fa85f64-5717-4562-b3fc-2c963f66afa6" ] } | F12: O | I12: O | J12: O
D13: { "selectedIds": [ "1" ] } | G13: O
D14: { "selectedIds": "3fa85f64-5717-4562-b3fc-2c963f66afa6" } | H14: O
B15: HTTP Method
D16: PUT | F16: O | G16: O | H16: O | I16: O | J16: O
B17: API Endpoint
B18: api/exams-code/send-notification-server | F18: O | G18: O | H18: O | I18: O
B19: api/exams-code/send-notification-server/{invalid | J19: O
A22: Confirm | B22: Return
B23: list
D24: 200 success | F24: O
D25: 400 Bad request | G25: O | H25: O
D26: 401 Unauthorized | I26: O
D27: 404 Not found | J27: O
B29: Exception
B31: Log message
D32: Send Notification Server Success | F32: O
D34: Error student attendance
A35: Result | B35: Type(N : Normal, A : Abnormal, B : Boundary) | F35: A | G35: N | H35: N | I35: N | J35: N
B36: Passed/Failed | F36: P | G36: P | H36: P | I36: P | J36: P
B37: Executed Date | F37: 45765 | G37: 39139 | H37: 45765 | I37: 45765 | J37: 45765
B38: Defect ID

Sheet FE-70
A2: Function Code | C2: =Functions!E77 -> FE-70 | F2: Function Name | L2: FE-70_[ZMP] Get information about exam code and exam regulations for that subject
A3: Created By | C3: AnhNN | F3: Executed By | L3: AnhNN
A4: Lines of code | C4: 100 | F4: Lack of test cases | L4: =IF(Functions!E6<>"N/A",SUM(C4*Functions!E6/1000,-O7),"N/A") -> -3
A5: Test requirement | C5: N/A
A6: Passed | C6: Failed | F6: Untested | L6: N/A/B | O6: Total Test Cases
A7: =COUNTIF(F36:HQ36,"P") -> 5 | C7: =COUNTIF(F36:HQ36,"F") -> 0 | F7: =SUM(O7,-A7,-C7) -> 0 | L7: =COUNTIF(E35:HQ35,"N") -> 4 | M7: =COUNTIF(E35:HQ35,"A") -> 1 | N7: =COUNTIF(E35:HQ35,"B") -> 0 | O7: =COUNTA(E9:HT9) -> 5
F9: UTCID01 | G9: UTCID02 | H9: UTCID03 | I9: UTCID04 | J9: UTCID05
A10: Condition | B10: Precondition
D11: Authorized | F11: O | G11: O | I11: O | J11: O
B13: HTTP Method
D14: GET | F14: O | G14: O | H14: O | J14: O
B15: API Endpoint
D16: api/exams/info/{guid} | F16: O | H16: O | J16: O
B17: api/exams/info/{string} | G17: O
B18: api/exams/info/invalild | I18: O
A23: Confirm | B23: Return
D24: 200: Success | F24: O
D25: 400: Bad Request | G25: O | J25: O
D26: 500: Server Internal Error
D27: 401: Unauthorized | H27: O
D28: 404 : Not Found | I28: O
B29: Log message
D30: Get exam Info successfully. | F30: O
D31: Exam with ID {examId} not found. | J31: O
D32: User do not have permission to do this | I32: O
A35: Result | B35: Type(N : Normal, A : Abnormal, B : Boundary) | F35: N | G35: N | H35: N | I35: N | J35: A
B36: Passed/Failed | F36: P | G36: P | H36: P | I36: P | J36: P
B37: Executed Date | F37: 45757 | G37: 45757 | H37: 45757 | I37: 45757 | J37: 45757
B38: Defect ID

Sheet FE-71
A2: Function Code | C2: =Functions!E78 -> FE-71 | F2: Function Name | L2: FE-71_View the list of exam supervisors by day
A3: Created By | C3: QuangTVD | F3: Executed By | L3: QuangTVD
A4: Lines of code | C4: 100 | F4: Lack of test cases | L4: =IF(Functions!E6<>"N/A",SUM(C4*Functions!E6/1000,-O7),"N/A") -> -5
A5: Test requirement | C5: N/A
A6: Passed | C6: Failed | F6: Untested | L6: N/A/B | O6: Total Test Cases
A7: =COUNTIF(F39:HQ39,"P") -> 7 | C7: =COUNTIF(F39:HQ39,"F") -> 0 | F7: =SUM(O7,-A7,-C7) -> 0 | L7: =COUNTIF(E38:HQ38,"N") -> 4 | M7: =COUNTIF(E38:HQ38,"A") -> 3 | N7: =COUNTIF(E38:HQ38,"B") -> 0 | O7: =COUNTA(E9:HT9) -> 7
F9: UTCID01 | G9: UTCID02 | H9: UTCID03 | I9: UTCID04 | J9: UTCID05 | K9: UTCID06 | L9: UTCID07
A10: Condition | B10: Precondition
D11: Authorized | F11: O | G11: O | H11: O | I11: O | J11: O | K11: O
B12: UserRole=EXAMINERUserRole=EXAMINER | F12: O | G12: O | H12: O | I12: O | J12: O | K12: O
B13: HTTP Method
D14: GET | F14: O | G14: O | H14: O | I14: O | J14: O | K14: O | L14: O
B15: API Endpoint
D16: api/registrations | F16: O
B17: api/registrations?date={date} | G17: O | L17: O
B18: api/registrations?date={date}&PageNumber=0&PageSize=20 | H18: O
B19: /api/registrations?date={date}&PageNumber=0&PageSize=10&SortBy=FullName&SortOrder=1 | I19: O
B20: /api/registrations?date={date}&PageNumber=-1 | J20: O | K20: O
B21: /api/registrations?PageSize=abc
A23: Confirm | B23: Return
D24: 200: Success with 10 records | F24: O
D25: 200: Success with 10 records with matched date | G25: O
D26: 200: Success with 20 records with matched date | H26: O
D27: 200: Success with 10 records is sorted with matched date | I27: O
D28: 400: Bad Request | J28: O | K28: O
D29: 401: Unauthorized | L29: O
D30: 404 : Not Found
B31: Log message
D32: Successfully get 10 records of tickets | F32: O | G32: O | I32: O
D33: Successfully get 20 records of tickets | H33: O
D34: Invalid Page number | J34: O
D35: Invalid page size | K35: O
D36: User do not have permission to do this | L36: O
A38: Result | B38: Type(N : Normal, A : Abnormal, B : Boundary) | F38: N | G38: N | H38: N | I38: N | J38: A | K38: A | L38: A
B39: Passed/Failed | F39: P | G39: P | H39: P | I39: P | J39: P | K39: P | L39: P
B40: Executed Date | F40: 45757 | G40: 45757 | H40: 45757 | I40: 45757 | J40: 45757 | K40: 45757 | L40: 45757
B41: Defect ID

Sheet FE-72
A2: Function Code | C2: =Functions!E79 -> FE-72 | F2: Function Name | L2: FE-72_Update the status of receiving and resending paper exam documents
A3: Created By | C3: QuangTVD | F3: Executed By | L3: QuangTVD
A4: Lines of code | C4: 100 | F4: Lack of test cases | L4: =IF(Functions!E6<>"N/A",SUM(C4*Functions!E6/1000,-O7),"N/A") -> -8
A5: Test requirement | C5: N/A
A6: Passed | C6: Failed | F6: Untested | L6: N/A/B | O6: Total Test Cases
A7: =COUNTIF(F47:HQ47,"P") -> 10 | C7: =COUNTIF(F47:HQ47,"F") -> 0 | F7: =SUM(O7,-A7,-C7) -> 0 | L7: =COUNTIF(E46:HQ46,"N") -> 2 | M7: =COUNTIF(E46:HQ46,"A") -> 8 | N7: =COUNTIF(E46:HQ46,"B") -> 0 | O7: =COUNTA(E9:HT9) -> 10
F9: UTCID01 | G9: UTCID02 | H9: UTCID03 | I9: UTCID04 | J9: UTCID05 | K9: UTCID06 | L9: UTCID07 | M9: UTCID08 | N9: UTCID09 | O9: UTCID10
A10: Condition | B10: Precondition
D11: Authorized | F11: O | H11: O | I11: O | J11: O | K11: O | M11: O | N11: O | O11: O
B12: UserRole=EXAMINER | F12: O | H12: O | I12: O | J12: O | K12: O | M12: O | N12: O | O12: O
B14: HTTP Method
D15: PATCH | F15: O | G15: O | H15: O | I15: O | J15: O | K15: O | L15: O | M15: O | N15: O | O15: O
B16: API Endpoint
B17: api/registrations/turn-received | F17: O | G17: O | H17: O | I17: O | J17: O
B18: api/registrations/turn-returned | K18: O | L18: O | M18: O | N18: O | O18: O
B19: Input
B20: registrationId
D21: {null} | H21: O | M21: O
D22: {guid} | F22: O | G22: O | J22: O | K22: O | L22: O | O22: O
B23: non-existed {guid} | I23: O | N23: O
B24: isReceived
D25: {null} | J25: O | K25: O | L25: O | M25: O | N25: O
D26: TRUE | F26: O | G26: O | I26: O
C27: FALSE | H27: O
B28: isReturned
D29: {null} | F29: O | G29: O | H29: O | I29: O | J29: O | O29: O
D30: TRUE | K30: O | L30: O | N30: O
B31: FALSE | M31: O
A33: Confirm | B33: Return
D34: 200: Update successful | F34: O | K34: O
D35: 400: Bad Request | H35: O | I35: O | J35: O | M35: O | N35: O | O35: O
D36: 401: Unauthorized | G36: O | L36: O
D37: 404 : Not Found
B38: Exception
B40: Message log
D41: Update successfully | F41: O | K41: O
D42: User do not have permission to do this | G42: O | L42: O
D43: Registration not found | I43: O | N43: O
D44: Invalid input | H44: O | J44: O | M44: O | O44: O
A46: Result | B46: Type(N : Normal, A : Abnormal, B : Boundary) | F46: N | G46: A | H46: A | I46: A | J46: A | K46: N | L46: A | M46: A | N46: A | O46: A
B47: Passed/Failed | F47: P | G47: P | H47: P | I47: P | J47: P | K47: P | L47: P | M47: P | N47: P | O47: P
B48: Executed Date
B49: Defect ID

Sheet FE-73
A2: Function Code | C2: =Functions!E80 -> FE-73 | F2: Function Name | L2: FE-73_Calculate exam supervisor exam time
A3: Created By | C3: QuangTVD | F3: Executed By | L3: QuangTVD
A4: Lines of code | C4: 100 | F4: Lack of test cases | L4: =IF(Functions!E6<>"N/A",SUM(C4*Functions!E6/1000,-O7),"N/A") -> -4
A5: Test requirement | C5: N/A
A6: Passed | C6: Failed | F6: Untested | L6: N/A/B | O6: Total Test Cases
A7: =COUNTIF(F37:HQ37,"P") -> 6 | C7: =COUNTIF(F37:HQ37,"F") -> 0 | F7: =SUM(O7,-A7,-C7) -> 0 | L7: =COUNTIF(E36:HQ36,"N") -> 3 | M7: =COUNTIF(E36:HQ36,"A") -> 3 | N7: =COUNTIF(E36:HQ36,"B") -> 0 | O7: =COUNTA(E9:HT9) -> 6
F9: UTCID01 | G9: UTCID02 | H9: UTCID03 | I9: UTCID04 | J9: UTCID05 | K9: UTCID06
A10: Condition | B10: Precondition
D11: Authorized | F11: O | G11: O | H11: O | I11: O | J11: O
B12: UserRole=EXAMINER | F12: O | G12: O | H12: O | I12: O | J12: O
B13: HTTP Method
D14: GET | F14: O | G14: O | H14: O | I14: O | J14: O | K14: O
B15: API Endpoint
D16: /api/exam-rooms/hour-data | F16: O
B17: /api/exam-rooms/hour-data?PageNumber=0&PageSize=20 | G17: O
B18: /api/exam-rooms/hour-data?PageNumber=0&PageSize=10&SortBy=FullName&SortOrder=1 | H18: O
B19: /api/exam-rooms/hour-data?PageNumber=-1 | I19: O
B20: /api/exam-rooms/hour-data?PageSize=abc | J20: O | K20: O
A22: Confirm | B22: Return
D23: 200: Success with 10 records | F23: O
D24: 200: Success with 20 records | G24: O
D25: 200: Success with 10 records is sorted | H25: O
D26: 400: Bad Request | I26: O | J26: O
D27: 401: Unauthorized | K27: O
D28: 404 : Not Found
B29: Log message
D30: Successfully get 10 records of hour data | F30: O | H30: O
D31: Successfully get 20 records of hour data | G31: O
D32: Invalid Page number | I32: O
D33: Invalid page size | J33: O
D34: User do not have permission to do this | K34: O
A36: Result | B36: Type(N : Normal, A : Abnormal, B : Boundary) | F36: N | G36: N | H36: N | I36: A | J36: A | K36: A
B37: Passed/Failed | F37: P | G37: P | H37: P | I37: P | J37: P | K37: P
B38: Executed Date | F38: 45757 | G38: 45757 | H38: 45757 | I38: 45757 | J38: 45757 | K38: 45757
B39: Defect ID

Sheet FE-74
A2: Function Code | C2: FE-74 | F2: Function Name | L2: Export exam supervisor exam time statistics
A3: Created By | C3: QuangTVD | F3: Executed By | L3: QuangTVD
A4: Lines of code | C4: 100 | F4: Lack of test cases | L4: =IF(Functions!E6<>"N/A",SUM(C4*Functions!E6/1000,-O7),"N/A") -> 0
A5: Test requirement | C5: N/A
A6: Passed | C6: Failed | F6: Untested | L6: N/A/B | O6: Total Test Cases
A7: =COUNTIF(F33:HQ33,"P") -> 2 | C7: =COUNTIF(F33:HQ33,"F") -> 0 | F7: =SUM(O7,-A7,-C7) -> 0 | L7: =COUNTIF(E32:HQ32,"N") -> 2 | M7: =COUNTIF(E32:HQ32,"A") -> 0 | N7: =COUNTIF(E32:HQ32,"B") -> 0 | O7: =COUNTA(E9:HT9) -> 2
F9: UTCID01 | G9: UTCID02
A10: Condition | B10: Precondition
D11: Authorized | F11: O
B12: UserRole=EXAMINER | F12: O
B13: HTTP Method
D14: GET | F14: O | G14: O
B15: API Endpoint
D16: /api/exam-rooms/hour-data?PageNumber=0&PageSize=0 | F16: O | G16: O
A22: Confirm | B22: Return
D23: 200: Success with all records | F23: O
D24: 401: Unauthorized
B25: Log message
D26: Successfully get all records of exam rooms | F26: O
D27: "User do not have permision to do this" | G27: O
A32: Result | B32: Type(N : Normal, A : Abnormal, B : Boundary) | F32: N | G32: N
B33: Passed/Failed | F33: P | G33: P
B34: Executed Date | F34: 45811 | G34: 45757
B35: Defect ID

Sheet FE-75
A2: Function Code | C2: =Functions!E82 -> FE-75 | F2: Function Name | L2: FE-75_[ZMP] Create a new issue for a candidate.
A3: Created By | C3: TuanND | F3: Executed By | L3: TuanND
A4: Lines of code | C4: 100 | F4: Lack of test cases | L4: =IF(Functions!E6<>"N/A",SUM(C4*Functions!E6/1000,-O7),"N/A") -> -5
A5: Test requirement | C5: N/A
A6: Passed | C6: Failed | F6: Untested | L6: N/A/B | O6: Total Test Cases
A7: =COUNTIF(F44:HQ44,"P") -> 7 | C7: =COUNTIF(F44:HQ44,"F") -> 0 | F7: =SUM(O7,-A7,-C7) -> 0 | L7: =COUNTIF(E43:HQ43,"N") -> 7 | M7: =COUNTIF(E43:HQ43,"A") -> 0 | N7: =COUNTIF(E43:HQ43,"B") -> 0 | O7: =COUNTA(E9:HT9) -> 7
F9: UTCID01 | G9: UTCID02 | H9: UTCID03 | I9: UTCID04 | J9: UTCID05 | K9: UTCID06 | L9: UTCID07
A10: Condition | B10: Precondition
D11: Authorized | F11: O | G11: O | H11: O | I11: O | J11: O | K11: O
B12: AI service throws exception | J12: O | L12: O
B13: HTTP Method
D14: POST | F14: O | G14: O | H14: O | I14: O | J14: O | K14: O | L14: O
B15: API Endpoint
B16: /api/tickets | F16: O | G16: O | H16: O | I16: O | J16: O | K16: O | L16: O
B18: Input
B19: images
D20: valid | F20: O | G20: O | I20: O | J20: O
D21: null | H21: O
B22: invalid format | K22: O | L22: O
B23: studentExamIds
D24: valid | F24: O | G24: O | H24: O | J24: O | K24: O | L24: O
D25: null | I25: O
B26: description
D27: valid | F27: O | H27: O | I27: O | J27: O | K27: O | L27: O
D28: null | G28: O
B30: categoryId
B31: valid | F31: O | G31: O | H31: O | I31: O | J31: O | K31: O | L31: O
A33: Confirm | B33: Return
D34: 200: Create successful | F34: O
D35: 400: Bad Request | G35: O | H35: O | I35: O | K35: O
D36: 401: Unauthorized | L36: O
D37: 404 : Not Found
D38: 500: Intenal server | J38: O | K38: O
B39: Exception
B41: Message log
A43: Result | B43: Type(N : Normal, A : Abnormal, B : Boundary) | F43: N | G43: N | H43: N | I43: N | J43: N | K43: N | L43: N
B44: Passed/Failed | F44: P | G44: P | H44: P | I44: P | J44: P | K44: P | L44: P
B45: Executed Date | F45: 45757 | G45: 45757 | H45: 45757 | I45: 45757 | J45: 45757 | K45: 45757 | L45: 45757
B46: Defect ID

Sheet FE-76
A2: Function Code | C2: =Functions!E83 -> FE-76 | F2: Function Name | L2: FE-76_[ZMP] Tracking the status and feedback of the issue.
A3: Created By | C3: TuanND | F3: Executed By | L3: TuanND
